CES_3.0_Score, Median_12month_HH_income,Median_rent_pct_income,PWSID
43.66,33000,49.9,CA5400542
23.08,57872,49.7,CA3900842
23.08,57872,49.7,CA3900682
23.08,57872.05,49.7,CA3910008
26.14,42144.32,49.59,CA3600094
11.27,56146,49.4,CA4900639
11.27,56146.79,49.4,CA4900630
24.2,37627.25,49.22,CA1210001
11.2,56226.2,49.19,CA4900620
41.49,39969.58,49.14,CA3310018
11.18,56552.23,49.04,CA4910028
11.54,73239.17,48.98,CA4910027
50.48,30010,48.5,CA5410050
50.48,30010,48.5,CA5400544
50.48,30010,48.5,CA5400735
50.48,30010,48.5,CA5400964
50.49,30032.97,48.48,CA5410024
26.26,45451.13,48.34,CA3610045
45.14,34045.35,48.33,CA5410038
1.28,68889,48.3,CA4900584
1.28,68885.14,48.29,CA4910007
26.27,45659.04,48.26,CA3610093
44.95,43559,48.2,CA1000295
40.78,71250,48.1,CA1000430
20.1,37702,47.7,CA3310078
12.49,61680,47.5,CA2900531
12.49,61680,47.5,CA2900548
23.91,54396,47.4,CA4400605
23.91,54396,47.4,CA4400557
23.91,54396,47.4,CA4400517
14.33,52714.69,47.4,CA2910002
47.1,40031,47.3,CA3301107
44.34,25505.85,47.19,CA3610001
20.72,37873.27,47.07,CA3310081
9.28,87571.42,47.05,CA4910022
43.32,36492,46.5,CA5400602
43.32,36492,46.5,CA5400660
31.38,86310,46.5,CA3400229
16.25,52500,46.5,CA3310052
16.25,52500,46.5,CA3310080
16.25,52500,46.5,CA3301028
16.25,52500,46.5,CA3301676
16.25,52500,46.5,CA3301682
16.25,52500,46.5,CA3301502
65.47,38689.66,46.46,CA3310004
53.5,34637,46.4,CA3600071
53.5,34637,46.4,CA3601182
42.91,36614.22,46.34,CA5400665
35.73,25938,46.3,CA1900155
33.95,49664,46.3,CA3301055
10.31,57387.1,46.22,CA4900508
16.18,52385.91,46.18,CA3301491
16.41,52367.43,46.12,CA3301512
56.36,36125.84,45.93,CA1910072
31.02,36420,45.9,CA3400164
31.02,36420,45.9,CA3400107
31.02,36420,45.9,CA3400149
31.02,36420,45.9,CA3400135
31.02,36420,45.9,CA3400169
31.02,36420,45.9,CA3400103
31.02,36420,45.9,CA3400433
31.02,36420,45.9,CA3400128
15.86,52572.66,45.85,CA3301511
10.61,30901,45.7,CA0800700
10.61,30901,45.7,CA0800605
8.51,92627,45.7,CA4400608
27.11,47486.9,45.69,CA3600301
21.21,48846,45.5,CA1900817
17.18,37770,45.3,CA0810003
8.04,151498.79,45.23,CA1910166
8.51,93079.39,45.23,CA4400604
24.28,86596.84,45.21,CA4300997
15.46,60817,44.92,CA4510016
31.78,102358,44.8,CA5610035
18.41,52188,44.8,CA0310011
46.4,21290.82,44.79,CA1010339
25.68,26372.07,44.78,CA5710009
6.09,70644,44.7,CA4900587
6.09,70644,44.7,CA4900551
16.18,51357.59,44.47,CA5610701
22.23,41596,44.4,CA5200535
15.56,45289.22,44.27,CA5810700
51.1,37813,44.1,CA3400179
51.1,37813,44.1,CA3400191
9.1,59720,44,CA2300606
49.33,41173.07,43.94,CA5410008
24.6,115452,43.9,CA3301283
24.6,115452,43.9,CA3301294
19.07,30661,43.9,CA1710010
19.07,30661,43.9,CA1700581
18.61,52426,43.8,CA3600158
10.08,69055,43.8,CA2010005
47.83,26148.01,43.72,CA1010023
40.32,48864,43.7,CA3000618
13.04,85250,43.7,CA3702754
13.04,85250,43.7,CA3700936
6.17,72074.82,43.62,CA4900588
65.41,34006,43.6,CA1000378
65.41,34006,43.6,CA1000229
10.5,108476.39,43.55,CA3700968
9.47,59425.49,43.54,CA2310008
52.84,56778.34,43.5,CA3610048
6.26,105685,43.4,CA4200702
57.11,48947.96,43.34,CA3610031
22.74,113542,43.2,CA4810012
22.74,113542,43.2,CA4810025
18.1,83194,43.2,CA5800803
18.1,83194,43.2,CA5800824
16.61,72119,43.2,CA4900721
16.61,72119,43.2,CA4900720
16.61,72119,43.2,CA4900905
17.81,81987.12,43.2,CA5800863
11.46,55434.84,43.12,CA5810006
9.06,45434,43.1,CA5800924
9.06,45434,43.1,CA5800814
9.06,45434,43.1,CA5800850
9.06,45434,43.1,CA5800823
9.06,45434,43.1,CA5800805
9.06,45434,43.1,CA5800827
10.46,50475.71,42.92,CA3110001
36.08,28395,42.9,CA3301990
36.08,28395,42.9,CA3301717
36.08,28395,42.9,CA3301276
36.08,28395,42.9,CA3301209
29.45,54565,42.9,CA5601137
13.03,48454,42.9,CA1210018
13.03,48454,42.9,CA1210024
13.03,48454,42.9,CA1200701
13.03,48454,42.9,CA1200591
13.03,48454,42.9,CA1200706
13.03,48454,42.9,CA1200592
13.03,48454,42.9,CA1200643
13.03,48454,42.9,CA1200588
13.03,48454,42.9,CA1200590
50.18,34414.14,42.8,CA3400172
16.89,59911,42.8,CA1909006
16.89,59911,42.8,CA1900100
16.89,59911,42.8,CA1900075
16.89,59911,42.8,CA1900961
8.08,118655.48,42.79,CA3010082
16.07,74262.07,42.7,CA4900552
42.12,34657,42.7,CA5400604
63.22,35323,42.62,CA1910081
18.35,54098.12,42.61,CA3610033
9.96,33929,42.6,CA1500459
9.97,33941.58,42.59,CA1510007
9.99,33991.33,42.58,CA1510023
36.2,34337.21,42.55,CA5410006
33.24,95845.16,42.52,CA3600308
44.08,51285,42.5,CA5000077
44.08,51285.77,42.5,CA5010009
40.95,34283,42.4,CA1900693
41.42,34697.33,42.3,CA1510013
17.53,59950.47,42.21,CA1900767
51.07,31117,42.2,CA5402038
51.07,31117,42.2,CA5400881
36.84,106519,42.2,CA3600108
31.78,39955.97,42.03,CA5400670
18.23,54915.07,42.03,CA3600262
32.48,78542,42,CA3301267
22.18,114091.82,41.99,CA4810013
20,67220.55,41.94,CA3610005
49.72,52540,41.9,CA1000075
22.92,47639,41.9,CA0409181
7.54,84048,41.9,CA1907028
7.54,84048,41.9,CA1900903
7.54,84048,41.9,CA1907014
7.54,84048,41.9,CA1900537
7.54,84048,41.9,CA1900717
16.41,52739.47,41.83,CA0510003
12.97,34338,41.7,CA4710002
12.81,89481,41.7,CA4400571
13.57,85029.26,41.6,CA3701408
13.58,85015.56,41.56,CA3700938
28.88,73352,41.5,CA5601105
28.88,73352,41.5,CA5601106
3.29,90625,41.5,CA4900568
21.85,112461.61,41.49,CA4810010
18.71,31731,41.3,CA4700513
45.46,36084.52,41.2,CA1310002
23.64,68102,41.2,CA4000803
23.64,68102,41.2,CA4000631
21.73,46155.07,41.06,CA1910203
23.4,68347.41,41.05,CA4000654
18.93,71352.37,41.05,CA3610002
11.77,64554,41,CA3110024
11.77,64554,41,CA3100041
11.77,64554,41,CA3100058
11.77,64554,41,CA3103310
11.77,64554,41,CA3110124
13.61,83382.06,41,CA4910003
20.47,28513,40.9,CA0400036
6.38,75794.06,40.81,CA4900533
25.58,96362,40.8,CA4900561
25.58,96362,40.8,CA4900553
4.04,190635,40.8,CA0707615
17.95,56783.53,40.7,CA3610082
48.09,34875,40.6,CA1310013
48.09,34875,40.6,CA1310700
48.09,34875,40.6,CA1300575
48.09,34875,40.6,CA1300620
25.64,38474,40.6,CA5200508
25.64,38474,40.6,CA5200012
25.64,38474,40.6,CA5200510
25.64,38474,40.6,CA5200007
25.64,38474,40.6,CA5200545
25.64,38474,40.6,CA5200008
25.64,38474,40.6,CA5200547
25.64,38474,40.6,CA5200546
25.64,38474,40.6,CA4500106
25.64,38474,40.6,CA5200555
25.64,38474,40.6,CA5200584
25.64,38474,40.6,CA5200588
25.64,38474,40.6,CA5201140
11.72,58419,40.6,CA4910018
51.33,45531,40.5,CA1000199
2.06,78726.38,40.44,CA3110018
52.05,39946.37,40.44,CA1010001
22.79,70437.93,40.34,CA4010010
13.89,84881.12,40.31,CA3700934
23.63,120137,40.3,CA1010055
6.65,79821,40.3,CA3110047
6.65,79821,40.3,CA3110031
6.65,79821,40.3,CA3100029
6.65,79821,40.3,CA3110044
13.83,51440.43,40.23,CA4500210
29.85,43281.04,40.22,CA3410012
54.38,42853.19,40.21,CA1910038
50.44,40801,40.2,CA3410022
10.09,57452,40.2,CA0910017
10.09,57452,40.2,CA0900300
43.24,69741.52,40.13,CA4110020
18,41159.45,40.1,CA0410009
25.27,40238,40.1,CA1900649
25.27,40238,40.1,CA1900843
71.34,22428,40,CA1000299
33.96,43125,40,CA0400051
33.96,43125,40,CA0400023
33.96,43125,40,CA0400021
33.96,43125,40,CA0410012
27.24,79063,40,CA3510002
27.24,79063,40,CA3500556
27.24,79063,40,CA3500578
27.24,79063,40,CA3500576
8.59,76500,40,CA5601119
27.24,79080.6,39.98,CA3500900
45.82,39242.62,39.94,CA5410001
57.36,49471,39.9,CA5000080
57.36,49471,39.9,CA5000389
13.69,52584.35,39.89,CA3700933
9.16,70196.55,39.87,CA4910029
17.24,54263.7,39.85,CA0210002
10.82,60754.08,39.8,CA4910004
36.67,53869,39.8,CA3010008
36.67,53869,39.8,CA3010097
9.41,96821.17,39.72,CA4410001
63.22,35967.04,39.7,CA1910147
27.9,52500,39.7,CA5610056
27.9,52500,39.7,CA5610068
27.9,52505.59,39.7,CA5610029
27.9,52519.51,39.7,CA5610010
44.26,41779.96,39.66,CA3410033
36.56,58545.18,39.66,CA3310033
37.51,48325.59,39.63,CA1910223
51.2,27348,39.6,CA5400529
51.2,27348,39.6,CA5401038
26.04,56979,39.6,CA1900599
20.61,55444,39.6,CA4500317
54.33,27655.81,39.57,CA1010021
35.3,30916.71,39.47,CA0410005
8.64,101572.63,39.41,CA4210024
57.94,20389,39.4,CA1500452
17.45,77321,39.3,CA3600087
17.45,77321,39.3,CA3600446
17.41,47695,39.3,CA2300708
17.41,47695,39.3,CA2300591
17.41,47695,39.3,CA2300717
37.16,28164.49,39.28,CA5410021
62.5,41060.61,39.24,CA1910077
27.22,73639.78,39.2,CA5601116
33.21,44938,39.2,CA3910009
33.21,44938,39.2,CA3910022
33.21,44938,39.2,CA3901114
33.21,44938,39.2,CA3900664
33.21,44938,39.2,CA3900762
27.61,39067,39.2,CA2300605
23.47,39444,39.2,CA0410018
47.28,43066.57,39.18,CA1010027
15.36,38037.76,39.1,CA3310008
20.08,33344,39.1,CA1710005
9.35,112826,39.1,CA4300546
13.47,75588,39,CA2210002
13.47,75588,39,CA2210924
13.47,75588,39,CA2210906
13.47,75588,39,CA2210900
36.66,44091,38.9,CA4900675
7.65,116680,38.9,CA3701988
7,98632,38.9,CA4400723
28.93,67688,38.8,CA0310008
28.93,67688,38.8,CA0300037
16.84,36125,38.8,CA0800557
16.84,36125,38.8,CA0800548
16.84,36125,38.8,CA0800526
13.88,43274,38.8,CA3710041
13.88,43274,38.8,CA3702354
13.88,43274,38.8,CA3700900
13.88,43274,38.8,CA3700958
13.88,43274,38.8,CA3701341
13.88,43274,38.8,CA3702236
13.88,43274,38.8,CA3710800
5.33,57396,38.8,CA4900600
28.93,67689.4,38.8,CA0310021
28.69,40137.17,38.73,CA3310006
29.91,56054.3,38.7,CA4410011
52.27,35810,38.7,CA3400121
52.27,35810,38.7,CA3400122
52.27,35810,38.7,CA3400335
52.27,35810,38.7,CA1600002
52.27,35810,38.7,CA3400401
15.18,40329,38.7,CA0500091
17.79,85331.51,38.69,CA3010079
59.18,41120.64,38.64,CA1910011
6.98,98602.12,38.6,CA4400645
25.09,70815,38.6,CA2701403
24.4,49386,38.6,CA5500193
24.4,49386,38.6,CA5500040
24.4,49386,38.6,CA5500086
24.4,49386,38.6,CA5500125
24.4,49386,38.6,CA5500124
22.33,57382.75,38.55,CA5601141
22.94,28642.23,38.5,CA1710006
16.06,69831,38.5,CA4010024
16.06,69831,38.5,CA4000507
8.85,72306.44,38.44,CA4900943
26.31,96996.01,38.41,CA1910163
25.04,70018.46,38.4,CA2710011
56.63,38202,38.4,CA3901215
22.38,42775,38.4,CA5410011
22.38,42775,38.4,CA5410022
22.38,42775,38.4,CA5410034
22.38,42775,38.4,CA5400934
22.38,42775,38.4,CA5402036
22.38,42775,38.4,CA5400728
22.38,42775,38.4,CA5400732
22.38,42775,38.4,CA5402048
22.38,42775,38.4,CA5410800
50.55,49751.23,38.39,CA1910161
53.83,41253,38.33,CA1910049
15.48,42110.94,38.3,CA0510002
19.66,34832.37,38.29,CA1700554
26.75,63812.77,38.23,CA5602111
15.49,111582.8,38.2,CA3010030
38.3,45097,38.2,CA4210003
32.49,33947,38.2,CA3400296
26.96,34083,38.2,CA5200548
54.94,43022.58,38.18,CA1010024
48.93,34329.35,38.13,CA3410023
8.56,40139,38.1,CA5310003
8.56,40139,38.1,CA5301002
8.56,40139,38.1,CA5301103
8.56,40139,38.1,CA5301101
6.94,98548.4,38.06,CA4400572
36.85,35219.39,38.05,CA3310016
38.05,45766.24,38.05,CA4200870
52.66,28778,38,CA5410009
52.66,28778,38,CA5400641
60.21,42416.83,37.99,CA1910159
28.73,45345.42,37.98,CA2910004
24.42,49445.94,37.93,CA5500363
13.33,38383.9,37.9,CA0810001
26.16,70545,37.9,CA3301535
6.59,67823,37.9,CA3100038
37.58,53118.97,37.85,CA3610064
29.66,39274,37.8,CA4500054
29.66,39274,37.8,CA4500200
29.66,39274,37.8,CA4500062
27.75,49231,37.8,CA3710011
27.75,49231,37.8,CA3710047
27.75,49231,37.8,CA3700923
27.75,49231,37.8,CA3701793
27.75,49231,37.8,CA3700924
27.75,49231,37.8,CA3700859
27.75,49231,37.8,CA3700922
27.75,49231,37.8,CA3710801
22.07,56574,37.8,CA1910246
22.07,56574,37.8,CA1910066
22.07,56574,37.8,CA1900785
20.39,36810,37.8,CA3600400
20.39,36810,37.8,CA3601045
11.46,63875,37.8,CA1710012
11.46,63875,37.8,CA1700518
11.46,63875,37.8,CA1700544
11.46,63875,37.8,CA1700530
11.46,63875,37.8,CA1700563
11.46,63875,37.8,CA1700542
11.46,63875,37.8,CA1700527
22.07,56574.06,37.8,CA1900563
53.9,42705.68,37.8,CA1900130
27.67,42442.98,37.78,CA1910023
26.12,37394.05,37.75,CA2710009
16.44,48076.43,37.73,CA0410007
34.23,33795.88,37.7,CA3410045
53.06,49973.63,37.67,CA3610014
11.61,63666.47,37.61,CA1700552
11.53,63541.99,37.61,CA1700574
30.58,57402,37.6,CA4110019
15.81,60372,37.6,CA3301534
15.81,60372,37.6,CA3301114
15.12,45635,37.6,CA2210901
15.12,45635,37.6,CA2210905
15.12,45635,37.6,CA2210925
15.82,60372.05,37.6,CA3301879
10.52,75164.72,37.56,CA5610014
19.43,146364,37.5,CA1900868
50.49,52499.69,37.5,CA1910079
9.51,40668.06,37.47,CA5301010
51.93,41762.72,37.45,CA1910086
51.93,41763.65,37.45,CA1910085
14.43,67171.23,37.43,CA4910014
47.9,43036,37.4,CA1010039
12.52,51699,37.4,CA1200547
12.52,51699,37.4,CA1200687
43.22,36484.14,37.4,CA1510021
70.55,50078.9,37.35,CA5000019
13.02,150309.46,37.33,CA4300567
29.81,31861.98,37.31,CA5210004
16.86,44716.56,37.31,CA3310005
44.29,28546,37.3,CA5400875
35.35,71981,37.3,CA2701515
30.02,75607,37.3,CA0707574
30.02,75607,37.3,CA0707576
30.02,75607,37.3,CA0707613
30.02,75607,37.3,CA0707507
30.02,75607,37.3,CA0707573
30.02,75607,37.3,CA0707569
30.02,75607,37.3,CA0707577
30.02,75607,37.3,CA0707575
30.02,75607,37.3,CA0707556
30.02,75607,37.3,CA0707523
30.02,75607,37.3,CA0706005
30.02,75607,37.3,CA0706004
30.02,75607,37.3,CA0707572
30.02,75607,37.3,CA0707501
30.02,75607,37.3,CA0707597
30.02,75607,37.3,CA0707608
30.02,75607,37.3,CA0707601
30.02,75607,37.3,CA0707519
50.82,56735.62,37.3,CA1910126
35.36,71936.99,37.29,CA2710013
20.36,69804.18,37.26,CA1910020
51.27,44047.85,37.23,CA1910084
72.39,49773,37.2,CA5000095
28.07,44167,37.2,CA4900796
28.07,44167,37.2,CA4900799
28.07,44167,37.2,CA4900798
28.07,44167,37.2,CA4900797
28.07,44167,37.2,CA4900791
28.07,44167,37.2,CA4900787
28.07,44167,37.2,CA4900788
28.07,44167,37.2,CA4900792
28.07,44167,37.2,CA4900794
28.07,44167,37.2,CA4901346
14.66,84589,37.2,CA3710012
14.66,84589,37.2,CA3700937
33.24,61854.1,37.19,CA3010064
43.8,53939.27,37.17,CA3610038
10.77,77140.11,37.17,CA4910012
18.57,54865.38,37.14,CA3610120
23.89,80135,37.1,CA1910242
23.89,80135,37.1,CA1910099
23.89,80135,37.1,CA1900976
23.89,80135,37.1,CA1900555
23.89,80135,37.1,CA1900074
13.14,45078,37.1,CA4500013
13.14,45078,37.1,CA4500015
13.14,45078,37.1,CA4500014
13.14,45078,37.1,CA4500028
13.14,45078,37.1,CA4500006
13.14,45078,37.1,CA4500101
13.14,45078,37.1,CA4500018
13.14,45078,37.1,CA4500016
36.19,63249.12,37.1,CA3010038
23.21,53136.44,37.09,CA2710008
30.86,35217.4,37.05,CA3310007
20.49,41092.38,37.04,CA2310009
28.22,70154.88,37.01,CA1910096
47.4,40020,37,CA5410012
47.4,40020,37,CA5410039
47.4,40020,37,CA5410036
47.4,40020,37,CA5400682
47.4,40020,37,CA5400769
6.66,68714.68,36.96,CA3110050
40.08,64652.43,36.96,CA0710008
10.73,136954.96,36.96,CA3010047
21.92,61641.82,36.95,CA3710006
20.68,76181.54,36.93,CA1910157
10.92,66726.74,36.93,CA1900542
9.3,65055.15,36.91,CA1910244
64.46,45236,36.9,CA3900964
27.84,44863,36.9,CA0202522
7.52,112500,36.9,CA4300563
7.52,112500,36.9,CA4300770
5.06,100064,36.9,CA2701355
5.06,100064,36.9,CA2701800
5.06,100064,36.9,CA2702148
5.06,100064,36.9,CA2702405
5.06,100064,36.9,CA2701959
78.38,30767.63,36.9,CA1510004
55,45966.73,36.9,CA1910108
32.77,55182.03,36.9,CA5602103
5.15,99801.96,36.88,CA2701888
23.21,62678.32,36.86,CA5601125
18.39,110744.98,36.85,CA1000039
12.29,35556.92,36.82,CA0510005
12.27,35517,36.8,CA0500027
12.27,35517,36.8,CA0500068
12.27,35517,36.8,CA0500075
11.82,79028,36.8,CA4900559
11.82,79028,36.8,CA4900560
20.53,52682.44,36.8,CA1910102
18.38,92620.45,36.8,CA5610059
27.16,60836.99,36.77,CA3610114
56.95,50885.31,36.76,CA1910026
38.98,57426.42,36.75,CA1910143
29.64,80692.59,36.73,CA3310037
31.71,54136.82,36.71,CA3610052
23.89,80064.58,36.68,CA2700586
11.18,74689.46,36.68,CA5601120
17.05,73773.38,36.68,CA3610026
42.27,45121.35,36.66,CA1010029
30.94,73563.26,36.63,CA3610053
12.34,50924.25,36.62,CA4510006
55.86,34063,36.6,CA1000259
55.86,34063,36.6,CA1000057
35.59,44500,36.6,CA5602108
33.96,57969,36.6,CA5800832
33.96,57969,36.6,CA5800828
33.96,57969,36.6,CA5800820
33.96,57969,36.6,CA5810005
10.38,26409,36.6,CA0800603
50.88,52565.08,36.6,CA1910195
25.97,59463.79,36.57,CA1900808
30.85,58830.46,36.56,CA1910092
17.41,94955.76,36.54,CA3710034
22.87,57800.45,36.53,CA1910064
2.67,85620.12,36.52,CA2702521
65.67,42518,36.5,CA1500231
65.67,42518,36.5,CA1500314
65.67,42518,36.5,CA1500585
65.67,42518,36.5,CA1502699
65.67,42518,36.5,CA1503526
21.19,47365,36.5,CA2300634
21.19,47365,36.5,CA2300638
21.19,47365,36.5,CA2300735
20.46,52855.37,36.49,CA0410002
14.8,35887.4,36.47,CA3610025
55.32,40512.77,36.46,CA3910001
37.6,55616.64,36.44,CA3410017
6.28,91158.61,36.42,CA4400611
24.23,49774,36.4,CA1700549
10.43,48806.68,36.38,CA0510001
51.1,47589.59,36.38,CA3610039
8.16,78372.78,36.37,CA4310013
10.91,63608.25,36.36,CA2810008
13.61,47796.85,36.36,CA3110026
6.8,94543.83,36.35,CA2701705
43.88,65445.81,36.34,CA1910018
10.86,63568.67,36.31,CA2810007
19.09,44752.07,36.3,CA3610107
22.47,43702.17,36.3,CA3610008
1.42,77984,36.3,CA2701254
22.95,85812.05,36.29,CA3010069
28.85,87833.29,36.26,CA4310004
7.54,111365.16,36.24,CA4410013
39.7,68625.74,36.24,CA1910043
32.44,29048,36.2,CA5200539
18.96,69767,36.2,CA1510036
18.96,69767,36.2,CA1502690
18.96,69767,36.2,CA1500554
18.96,69767,36.2,CA1502608
18.96,69767,36.2,CA1500579
18.96,69767,36.2,CA1502659
18.96,69767,36.2,CA1500591
18.96,69767,36.2,CA1502619
18.96,69767,36.2,CA1500564
16.18,39028,36.2,CA2310011
16.18,39028,36.2,CA2300730
16.18,39028,36.2,CA2300663
19.55,81142.55,36.17,CA4910023
14.68,87072.08,36.16,CA3710016
9.25,52827.74,36.15,CA3310048
37.81,59866.07,36.11,CA3610057
46.49,30034,36.1,CA5401003
12.12,62795,36.1,CA2300590
12.12,62795,36.1,CA2300610
12.12,62795,36.1,CA2300646
12.12,62795,36.1,CA2300644
12.12,62795,36.1,CA2300832
12.12,62795,36.1,CA2300545
12.12,62795,36.1,CA2300609
12.12,62795,36.1,CA2300604
12.12,62795,36.1,CA2300668
12.12,62795,36.1,CA2300596
3.23,67349.33,36.08,CA4010014
31.45,31194.05,36.07,CA5200500
39.65,34733.56,36.04,CA1510001
10.33,59178.92,36.04,CA0510016
18.53,83559.83,36.04,CA3710042
13.02,78028.8,36,CA4410010
59.22,36373,36,CA3900661
59.22,36373,36,CA3900606
59.22,36373,36,CA3900569
11.23,69301.06,36,CA4000653
11.72,75678.57,35.99,CA5710001
64.79,47800.17,35.99,CA1910050
31.19,70366.91,35.99,CA3910003
19.56,58744.59,35.98,CA3610003
31.29,72406.28,35.98,CA1910212
30.49,42653.24,35.93,CA3310032
46.05,51040.86,35.93,CA1010007
42.41,52402.43,35.92,CA1910051
11.89,41982.64,35.91,CA5310001
22.91,60368,35.9,CA3600260
20.01,53958,35.9,CA3210003
20.01,53958,35.9,CA3200104
20.01,53958,35.9,CA3200107
20.01,53958,35.9,CA3200148
20.01,53958,35.9,CA3200138
20.01,53958,35.9,CA3205006
18.45,82475,35.9,CA4010028
18.45,82475,35.9,CA4000802
18.45,82475,35.9,CA4000554
18.45,82475,35.9,CA4000789
18.22,49160.7,35.9,CA1900303
38.5,63958.25,35.83,CA2700773
41.27,53424,35.8,CA3610051
41.27,53424,35.8,CA3610011
41.27,53424,35.8,CA3610046
41.27,53424,35.8,CA3600064
41.27,53424,35.8,CA3610801
17.02,53000,35.8,CA1810002
17.02,53000,35.8,CA1800512
17.02,53000,35.8,CA1800534
14.72,72878,35.8,CA4200684
12.21,47982,35.8,CA4710008
12.21,47982,35.8,CA4700542
12.21,47982,35.8,CA4700549
12.21,47982,35.8,CA4700880
12.21,47982,35.8,CA4700803
12.21,47982,35.8,CA4700541
12.21,47982,35.8,CA4700872
12.21,47982,35.8,CA4700686
12.06,42080.13,35.8,CA5301102
23.45,48656.9,35.78,CA3600222
15.18,48656.19,35.77,CA4500009
47.98,60074.35,35.74,CA1910002
38.65,65002.02,35.74,CA1910067
6.47,75179,35.7,CA4500003
6.47,75178.58,35.7,CA4500313
6.42,70114.65,35.69,CA4010016
34.64,60986.68,35.67,CA1910144
30.66,69165.05,35.65,CA3010062
46.89,59409.37,35.62,CA1910191
22.44,36916.99,35.6,CA2310004
46.53,45701,35.6,CA0707594
32.13,33622,35.6,CA5010035
32.13,33622,35.6,CA5000316
22.45,36906,35.6,CA2300705
31.51,54915.28,35.6,CA3710025
36.94,66613.96,35.57,CA1910186
22.55,60295.15,35.56,CA3610062
19.39,41805.77,35.56,CA3610073
17.7,96418.58,35.55,CA3410008
38.99,40296.09,35.53,CA5410010
4.72,70510.07,35.53,CA3110010
29.51,73130.14,35.5,CA3301482
57.84,42532.01,35.5,CA5403110
57.84,42532,35.5,CA5410048
57.84,42532,35.5,CA5410801
57.84,42532,35.5,CA5400504
57.84,42532,35.5,CA5400718
57.84,42532,35.5,CA5400935
57.84,42532,35.5,CA5400655
57.84,42532,35.5,CA5400767
16.92,78213,35.5,CA4900558
47.76,61027.74,35.49,CA3610029
45.8,49510.49,35.48,CA1910153
15,51303.29,35.48,CA1210019
15.13,74274.11,35.48,CA5610022
27,68656.5,35.48,CA5610007
57.71,42439.97,35.47,CA5410026
29.55,46500.67,35.45,CA3310022
12.63,42394.45,35.43,CA5301001
48.48,54687.16,35.42,CA1910155
35.22,66402.27,35.41,CA1910004
12.32,59745,35.4,CA1710015
12.32,59745,35.4,CA1710013
12.32,59745,35.4,CA1700502
12.32,59745,35.4,CA1700609
35.45,70390.34,35.39,CA3010001
19.87,69244.7,35.39,CA3710014
49.68,50040.44,35.39,CA1910152
33.39,41470.75,35.37,CA2910001
14.1,104920.14,35.37,CA5610020
48.39,62351.88,35.37,CA1910039
23.59,109020.16,35.33,CA0710004
25.44,55979.87,35.33,CA0310001
24.11,45741.43,35.32,CA1210006
26.95,73783.28,35.31,CA3310012
8.15,76947.53,35.31,CA4900549
54.81,52729,35.3,CA3900732
31.4,62319,35.3,CA3400331
31.4,62319,35.3,CA3400397
27.51,79821,35.3,CA3600258
12.82,42500,35.3,CA5301104
12.82,42500,35.3,CA5301008
12.82,42500,35.3,CA5301017
12.82,42500,35.3,CA5303002
12.82,42500,35.3,CA5301201
8.15,76932,35.3,CA4900536
8.15,76932,35.3,CA4900850
7.35,92143,35.3,CA1000298
11.37,69327.81,35.3,CA4010011
8.1,76386.48,35.26,CA4910021
4.99,147413.44,35.25,CA4400642
39.79,60682.84,35.23,CA2700771
42.43,45260.35,35.22,CA3610112
21.25,72043,35.2,CA3900844
21.25,72043,35.2,CA3901217
21.25,72043,35.2,CA3901276
9.02,29542,35.2,CA5310002
55.62,50827.28,35.18,CA1010006
25.3,52389.63,35.15,CA3410003
20.81,47272.58,35.11,CA4510007
25.15,50851.54,35.11,CA5610011
27.59,56000,35.1,CA3301011
4.91,149438,35.1,CA4400617
4.91,149438,35.1,CA4400850
4.91,149438,35.1,CA4400559
4.91,149438,35.1,CA4400528
4.91,149439.77,35.09,CA4400595
17.65,108489.89,35.09,CA5610018
18.9,118914.7,35.09,CA4310020
21.34,65331.4,35.07,CA3410004
42.82,67274.08,35.05,CA1910211
42.85,53557.27,35.05,CA1910013
26.94,50883.21,35.03,CA3610024
14.54,80935.97,35.02,CA4910011
15.55,43812.7,35,CA1710008
50.03,65143,35,CA1910053
47.37,58393,35,CA4300581
39.63,41097,35,CA1610002
27.98,85905,35,CA3900724
10.96,41607,35,CA4500102
20.28,61582.13,35,CA3710008
15.32,107878.69,34.99,CA1910248
27.98,85938.96,34.97,CA3900558
19.49,63818.92,34.92,CA4210700
45.05,41766.49,34.91,CA1510003
25.56,94299.16,34.9,CA3310074
14.98,54124.14,34.89,CA3610109
21.7,85902.42,34.88,CA5610039
25.91,71330.72,34.86,CA5610046
30.57,37372.63,34.83,CA2310005
36.5,69265,34.8,CA3000585
30.74,62310,34.8,CA3600391
19.53,47835,34.8,CA2210001
19.53,47835,34.8,CA2210921
19.53,47835,34.8,CA2210851
32.38,69051.37,34.79,CA1910007
26.63,57625.96,34.79,CA3310030
41.37,58460.3,34.79,CA3610019
22.55,59552.54,34.78,CA1910070
29.48,56146.5,34.74,CA4310028
25.19,76100.82,34.73,CA0710001
50.3,73974.97,34.72,CA5010005
23.79,64490.02,34.7,CA3710010
33.16,63036,34.7,CA5000054
23.74,59934,34.7,CA4900513
16.83,95211.84,34.69,CA5610023
22.83,64456.41,34.67,CA3710001
38.23,41806.62,34.67,CA1510014
46.59,53951.89,34.67,CA1910012
26.78,51110.87,34.67,CA3310020
10.98,42124.91,34.64,CA4510002
29.43,54422.49,34.61,CA3410001
36.04,84245.97,34.6,CA1910075
46.94,67568,34.6,CA2010016
46.94,67568,34.6,CA2010009
46.94,67568,34.6,CA2000728
46.94,67568,34.6,CA2000608
46.94,67568,34.6,CA2000729
46.94,67568,34.6,CA2000553
46.94,67568,34.6,CA2000727
46.94,67568,34.6,CA2000785
44.44,51417,34.6,CA5400819
38.02,72218,34.6,CA2800548
33.17,59269,34.6,CA4200842
26.96,38750,34.6,CA5500120
26.96,38750,34.6,CA5500149
26.96,38750,34.6,CA5500128
26.96,38750,34.6,CA5500243
20.21,37321,34.6,CA1900721
6.32,59514.43,34.6,CA3110036
16.82,80371.71,34.57,CA4210001
15.45,104831,34.56,CA4810001
7.83,96625.15,34.54,CA4410014
14.82,47860.15,34.51,CA1210013
18.07,72500,34.5,CA5601401
18.06,72503.93,34.49,CA5610005
44.89,41809.59,34.49,CA2010002
26.18,64419.87,34.48,CA2702466
45.86,49406.29,34.46,CA1910047
17.58,75831.47,34.45,CA3710018
14.23,50878.69,34.45,CA4510005
50.69,65136.04,34.44,CA3610034
29.65,79370.81,34.42,CA3010010
16.02,71024.82,34.41,CA4910016
40.93,36565,34.4,CA5403043
23.87,39761,34.4,CA3710036
23.87,39761,34.4,CA3701184
23.87,39761,34.4,CA3700291
21.23,36297,34.4,CA0400014
21.23,36297,34.4,CA0400013
21.23,36297,34.4,CA0400016
21.23,36297,34.4,CA0400081
15.45,68913,34.4,CA4900871
12.95,73447,34.4,CA5601117
23.61,47001.52,34.39,CA3610030
38.88,59230.12,34.39,CA3310026
6.53,75017.42,34.34,CA2910006
26.14,85345.75,34.32,CA3010027
28.72,61540.08,34.31,CA2710010
17.09,47609,34.3,CA2910011
17.09,47609,34.3,CA2900523
17.09,47609,34.3,CA2900562
17.09,47609,34.3,CA2900502
17.09,47609,34.3,CA2900511
17.09,47609,34.3,CA2900529
17.09,47609,34.3,CA2900546
12.21,61063,34.3,CA4500093
12.21,61063,34.3,CA4500247
8.37,90156,34.3,CA0400008
12.21,61049.21,34.3,CA4500204
12.81,117258.99,34.28,CA4810024
57.78,58145.82,34.28,CA1910021
44.69,61737.18,34.27,CA1910253
18.29,71778.56,34.26,CA2300837
67.34,33661.72,34.26,CA1010025
6.71,62060.82,34.26,CA4900641
52.2,63465.41,34.26,CA1910009
22.72,50853.68,34.25,CA1710007
30.35,68757.49,34.25,CA3310009
25.41,82109.73,34.24,CA3310036
42.05,65722.75,34.24,CA3610041
46.36,35502.35,34.22,CA3600152
56.79,55140.59,34.21,CA1910105
45.64,49085.26,34.21,CA1910091
10.55,122682.25,34.2,CA5610016
36.83,40574,34.2,CA5200556
36.83,40574,34.2,CA5200255
36.83,40574,34.2,CA5200516
18.17,72188,34.2,CA2310002
18.17,72188,34.2,CA2300731
13.07,84065,34.2,CA2801020
6.7,62083,34.2,CA4900647
6.7,62083,34.2,CA4900532
6.7,62083,34.2,CA4900543
6.7,62083,34.2,CA4900637
6.7,62083,34.2,CA4900578
6.7,62083,34.2,CA4900514
6.7,62083,34.2,CA4900644
6.7,62083,34.2,CA4900634
6.7,62083,34.2,CA4900640
4.2,84118,34.2,CA2110004
4.2,84118,34.2,CA2110005
36.78,40616.78,34.19,CA5210001
25.13,68444.28,34.18,CA5610002
16.52,75560.12,34.17,CA3410031
36.83,37406.3,34.14,CA5400550
25.42,73747.34,34.14,CA1910194
25.04,73853.1,34.08,CA3310046
36.59,110577.88,34.08,CA4110002
31.78,73637.76,34.08,CA3010003
34.25,77976.66,34.03,CA3310049
16.45,74889.91,34.03,CA4810701
48.6,37597.92,34,CA1510015
36.77,111233,34,CA4110005
26.92,32000,34,CA1510703
29.66,60824.34,33.98,CA3610015
8.18,63903.87,33.97,CA3110035
49.33,53590.75,33.97,CA1910117
41.32,62809.85,33.96,CA3310031
22.92,68706.41,33.95,CA5610024
9.68,117779.98,33.95,CA3700866
29.47,46155.51,33.94,CA1900794
22.49,75976.49,33.94,CA5610017
33.44,59821.2,33.93,CA1910001
17.43,42806.05,33.93,CA1710018
9.85,111544.68,33.92,CA3010073
15.9,43728.92,33.91,CA1210004
37.12,47456.95,33.91,CA1510006
16.35,35861.73,33.9,CA3610060
48.59,55642,33.9,CA1510024
44.68,59267,33.9,CA2000595
32.3,51711,33.9,CA4710013
32.3,51711,33.9,CA4710009
32.3,51711,33.9,CA4700521
32.3,51711,33.9,CA4700546
32.3,51711,33.9,CA4700884
16.54,111618,33.9,CA1900975
9.63,87713,33.9,CA4200693
25.17,57514.02,33.9,CA0310003
17.06,43096.76,33.9,CA4710011
54.51,44718.19,33.88,CA1910036
28.2,84590.02,33.86,CA3010035
16.93,106088.41,33.85,CA1910032
8.16,64146.01,33.84,CA4510014
32.3,77454.56,33.82,CA1910041
7.08,194223.08,33.82,CA1910241
50.21,58947.74,33.81,CA3310044
13.01,86110.15,33.8,CA4210017
15.55,85818.94,33.8,CA4210019
44.34,52055,33.8,CA1010028
44.34,52055,33.8,CA1000053
44.34,52055,33.8,CA1000238
27.27,51295,33.8,CA0103041
11.58,78625,33.8,CA3110003
11.58,78625,33.8,CA3100014
7.27,107092,33.8,CA3100528
6.4,112719,33.8,CA4900612
6.4,112719,33.8,CA4900573
6.4,112719,33.8,CA4900599
6.4,112719,33.8,CA4900605
6.4,112719,33.8,CA4900846
26.3,45244.27,33.79,CA2310003
48.23,52745.47,33.78,CA5010028
23.41,86971.23,33.75,CA1910062
48.66,42044.9,33.74,CA3310029
18.68,92218.48,33.72,CA1910063
21.95,68472.8,33.72,CA5610001
47.05,56623.03,33.72,CA5010010
10.02,47855.87,33.71,CA0500019
36.82,69193.32,33.7,CA1910173
24.41,39107,33.7,CA1210017
15.67,67672,33.7,CA4210005
12.9,95078,33.7,CA3110034
10.02,47851,33.7,CA0510004
44.36,71931.32,33.7,CA1910165
23.26,63349.38,33.69,CA3310019
39.08,77711.59,33.68,CA1910149
8.33,51798.05,33.66,CA1210016
44.27,44680.23,33.64,CA1000445
15.54,106487.64,33.63,CA5610050
32.59,33348.42,33.62,CA3610032
27.12,100793.56,33.61,CA1910019
22.72,53064.52,33.61,CA2310006
36.94,39193.46,33.6,CA1610004
41.32,58367,33.6,CA5000066
15.84,47298,33.6,CA4510009
15.84,47298,33.6,CA4500195
15.84,47298,33.6,CA4500235
15.84,47298,33.6,CA4500219
15.84,47298,33.6,CA4500089
15.84,47298,33.6,CA4500314
42.35,72788.39,33.57,CA3610004
15.84,76471.26,33.56,CA4210010
5.32,149976.23,33.56,CA3010094
26.94,83576.81,33.54,CA1910059
52.52,59071.72,33.51,CA1910158
57.58,44190,33.5,CA2010004
45.49,42714,33.5,CA1000551
45.49,42714,33.5,CA1009120
45.49,42714,33.5,CA1000200
28.64,46958,33.5,CA1900636
20.12,85875,33.5,CA4200848
20.12,85875,33.5,CA4200822
16.04,50594,33.5,CA1210007
16.04,50594,33.5,CA1200518
16.04,50594,33.5,CA1200718
8.07,67759,33.5,CA2810013
8.07,67759,33.5,CA2800526
8.07,67759,33.5,CA2810014
8.07,67759,33.5,CA2800543
8.07,67759,33.5,CA2810009
28.67,93310.19,33.48,CA1910052
19.52,89816.73,33.46,CA1910028
28.96,51737.69,33.46,CA3910004
8.26,81277.88,33.44,CA2710004
11.46,70102.93,33.43,CA3205003
22.32,103552.52,33.43,CA3610036
21.62,59006.52,33.42,CA0310005
50.25,42289.42,33.41,CA2410002
39.48,63044.66,33.41,CA1910065
27.64,62385,33.4,CA2000509
27.64,62385,33.4,CA2000506
27.64,62385,33.4,CA2000551
27.64,62385,33.4,CA2000561
27.64,62385,33.4,CA2000544
27.64,62385,33.4,CA2000589
27.64,62385,33.4,CA2000501
27.64,62385,33.4,CA2000534
27.64,62385,33.4,CA2000828
27.64,62385,33.4,CA2000647
27.64,62385,33.4,CA2000592
23.65,59274.22,33.36,CA2710001
19.73,54860.36,33.34,CA3310001
36.64,42358.42,33.34,CA3410026
30.12,59542.46,33.33,CA3410020
17.27,51435.57,33.31,CA5510008
14.69,54667.22,33.3,CA0410011
45.27,66781,33.3,CA5602110
45.27,66781,33.3,CA5602109
34.7,53333,33.3,CA1009039
,46615,33.3,CA3301943
12.68,189921.95,33.3,CA4300792
31.33,46574.08,33.3,CA0610002
22.15,61218.21,33.27,CA1910045
45.5,39501.06,33.27,CA3610043
19.52,66100.15,33.23,CA4900611
24.77,49952.13,33.22,CA3610044
7.33,210927.49,33.21,CA4100533
19.7,65656.06,33.21,CA4900510
20.69,59752.74,33.21,CA0310012
43.94,21732,33.2,CA1000546
43.94,21732,33.2,CA1009028
43.94,21732,33.2,CA1009147
43.94,21732,33.2,CA1009222
17.06,44137,33.2,CA1700508
17.06,44137,33.2,CA1700657
16.38,50732,33.2,CA1910025
16.38,50732,33.2,CA1900849
16.38,50732,33.2,CA1900158
16.38,50732,33.2,CA1900055
36.72,44593.57,33.19,CA1510022
24.75,85243.77,33.19,CA1910142
16.69,94634.36,33.19,CA2810005
37.31,53033.78,33.18,CA3610013
7.42,116770.45,33.18,CA3710023
43.92,21794.63,33.17,CA1009023
16.57,38182.57,33.16,CA1710001
36.75,64611.48,33.16,CA3910012
25.57,29628.7,33.16,CA1710003
43.11,61574.68,33.12,CA1910125
26.07,66604.08,33.12,CA1910249
26.06,66633.43,33.11,CA1900523
19.37,87442.03,33.1,CA2810003
49.08,50725,33.1,CA1300018
49.08,50725,33.1,CA1300572
46.91,51568,33.1,CA1502164
26.53,49327,33.1,CA2701676
21.77,37697,33.1,CA1210012
21.77,37697,33.1,CA1210010
21.77,37697,33.1,CA1200544
21.77,37697,33.1,CA1210801
16.26,77197,33.1,CA4200714
16.26,77197,33.1,CA4200678
16.26,77197,33.1,CA4200731
6.8,127381,33.1,CA4200733
6.8,127381,33.1,CA4200633
32.84,81838.17,33.09,CA1910139
42.3,79312.86,33.09,CA4110024
23.48,80825.69,33.08,CA3010046
28.86,65337.8,33.07,CA1910127
26.36,69186.34,33.06,CA4810007
41.16,49390.92,33.06,CA5710003
48.63,56014.8,33.05,CA2410005
26.06,70167.73,33.04,CA4810021
3.04,118116.18,33.01,CA2710022
44.87,33698,33,CA5410014
44.87,33698,33,CA5410025
44.87,33698,33,CA5400792
30.45,88750,33,CA5010021
23.37,50974,33,CA3610063
23.37,50974,33,CA3600270
23.37,50974,33,CA3600114
15.63,68513,33,CA3900714
9.63,94103,33,CA4900892
9.63,94103,33,CA4901381
8.09,41595,33,CA5304102
8.09,41595,33,CA5304501
8.09,41595,33,CA5304502
8.09,41595,33,CA5304109
11,106159.16,32.98,CA3010036
10.05,94720.22,32.95,CA4900667
21.87,60484.63,32.94,CA4910002
22.2,49648.61,32.94,CA4210006
13.77,68986.01,32.93,CA0900308
20.31,45551.49,32.91,CA1710021
44.78,59817.17,32.91,CA5010038
29.18,91680.47,32.9,CA0710007
44.8,47925,32.9,CA2700772
42.27,36218,32.9,CA1510052
42.27,36218,32.9,CA1500290
42.27,36218,32.9,CA1500333
42.27,36218,32.9,CA1500324
42.27,36218,32.9,CA1500461
42.27,36218,32.9,CA1500327
27.82,69097,32.9,CA0707598
23.93,55060,32.9,CA3610021
23.93,55060,32.9,CA3610016
23.93,55060,32.9,CA3600031
23.93,55060,32.9,CA3600107
23.93,55060,32.9,CA3600166
9.17,70258.08,32.89,CA4010017
12.79,129398.66,32.88,CA3010068
21.84,91565.56,32.87,CA1910017
22.89,59199.27,32.86,CA4210011
24.67,90545.43,32.86,CA4110013
8.68,62751.98,32.86,CA3110006
43.58,42441.56,32.86,CA1510005
13.81,51061.02,32.85,CA1210002
23.96,82202.35,32.84,CA1910046
61.84,40530,32.8,CA3900637
61.84,40530,32.8,CA3901474
39.25,51583,32.8,CA5000015
39.25,51583,32.8,CA5000049
24,90738,32.8,CA3301169
13.79,51089,32.8,CA1200715
9.27,74250,32.8,CA3210005
9.27,74250,32.8,CA3210011
9.27,74250,32.8,CA3200102
9.27,74250,32.8,CA3200134
9.27,74250,32.8,CA3200509
8.66,62739,32.8,CA3100040
8.66,62739,32.8,CA3100019
8.65,68510,32.8,CA4010012
8.65,68510,32.8,CA4010027
7.29,63205,32.8,CA4010901
7.29,63205,32.8,CA4010006
7.29,63205,32.8,CA4010015
7.29,63205.4,32.8,CA4010025
22.87,83223.11,32.78,CA1910124
23.06,93022.38,32.77,CA1910234
19.04,82433.28,32.76,CA3710020
44.91,44661.75,32.75,CA5410002
14.41,112795.97,32.75,CA1910250
51.66,44578.14,32.73,CA1910160
28.01,91570.29,32.71,CA4110009
42.83,75996,32.7,CA1500344
23.86,55729,32.7,CA4900608
23.86,55729,32.7,CA4900893
23.81,44978,32.7,CA3610108
23.81,44978,32.7,CA3600009
23.81,44978,32.7,CA3600008
23.81,44978,32.7,CA3600279
55.16,50457.91,32.7,CA1000471
1.76,56590.26,32.69,CA3110015
17.85,64797.78,32.63,CA5710006
15.7,112542.47,32.62,CA5610040
34.52,39997.02,32.62,CA1510012
1.73,56484.53,32.62,CA3110012
13.39,59144.19,32.61,CA4010009
29.69,60121.31,32.6,CA3410010
11.93,99167,32.6,CA1000078
11.93,99167,32.6,CA1000554
1.72,56458,32.6,CA3110023
46.43,42992.01,32.59,CA1510019
25.78,67470.95,32.57,CA2710017
8.98,88422.04,32.56,CA4410017
18.3,135796.93,32.55,CA5610069
14.72,72316.5,32.54,CA2710018
38.88,77501.64,32.54,CA5610700
45.01,25153.14,32.52,CA1009179
24.25,104948.04,32.51,CA0707603
19.99,71235.12,32.51,CA4910009
55.81,34107,32.5,CA1010035
52.95,44738,32.5,CA5000072
52.59,36042,32.5,CA5410017
52.59,36042,32.5,CA5400553
40.78,54174,32.5,CA3600022
40.78,54174,32.5,CA3601015
40.78,54174,32.5,CA3601010
40.78,54174,32.5,CA3600785
40.78,54174,32.5,CA3600504
40.78,54174,32.5,CA3600172
33.64,59417,32.5,CA3600306
33.64,59417,32.5,CA3600012
33.64,59417,32.5,CA3600156
33.64,59417,32.5,CA3600089
33.64,59417,32.5,CA3600027
33.64,59417,32.5,CA3600070
33.64,59417,32.5,CA3600399
33.64,59417,32.5,CA3601085
25.82,61607,32.5,CA0610004
20.02,46167,32.5,CA4500246
46.64,65173.04,32.48,CA1910060
22.96,58110.75,32.47,CA0300011
21.05,31923.52,32.46,CA1710002
20.17,76955.95,32.45,CA3710013
25.82,86752.25,32.44,CA1910024
15.31,66568.89,32.44,CA3110005
16.08,122474.12,32.43,CA3010037
5.45,117223.34,32.41,CA4900575
41.68,77697.26,32.41,CA1500096
58.1,65919,32.4,CA3910014
58.1,65919,32.4,CA3900579
58.1,65919,32.4,CA3901213
42.75,86016,32.4,CA4300912
38.5,95115,32.4,CA3610851
31.73,67377,32.4,CA5400816
26.5,113426,32.4,CA4300638
26.5,113426,32.4,CA4300577
26.5,113426,32.4,CA4300992
26.5,113426,32.4,CA4300630
45.54,41218.96,32.4,CA1010005
5.51,130015.18,32.4,CA5610043
16.57,70388.85,32.39,CA4000203
13.75,122508.95,32.38,CA4110017
22.57,48810.72,32.36,CA5510001
23.12,88611.93,32.33,CA0710003
15.36,81899.08,32.32,CA3710037
12.77,46387.68,32.32,CA5210005
46.01,40909.49,32.31,CA1000054
9.96,95550.68,32.31,CA4410018
28.66,68058.32,32.3,CA5610080
44.56,35022,32.3,CA1510009
44.56,35022,32.3,CA1510056
44.56,35022,32.3,CA1510026
44.56,35022,32.3,CA1510049
44.56,35022,32.3,CA1503270
44.56,35022,32.3,CA1500252
44.56,35022,32.3,CA1500436
44.56,35022,32.3,CA1502056
44.56,35022,32.3,CA1502449
40.77,50559,32.3,CA1600293
31.29,86313,32.3,CA3500904
31.29,86313,32.3,CA3500825
31.29,86313,32.3,CA3500911
31.29,86313,32.3,CA3500527
31.21,69186,32.3,CA4900546
20.95,60609,32.3,CA4700523
20.95,60609,32.3,CA4700626
20.95,60609,32.3,CA4700638
14.09,69982,32.3,CA0901217
12.7,46415,32.3,CA5200645
79.63,39727.63,32.26,CA1010042
29.38,78906.85,32.23,CA0110006
21.94,38885.75,32.22,CA4700630
16.47,70526.63,32.22,CA4000200
16.47,70526.63,32.22,CA4000660
22.88,47012.69,32.21,CA0410006
32.62,63578,32.2,CA3510006
23.66,44904,32.2,CA2700970
22.18,33750,32.2,CA4700528
22.18,33750,32.2,CA4700627
19.97,48125,32.2,CA4610001
19.97,48125,32.2,CA4610002
19.97,48125,32.2,CA4600009
19.97,48125,32.2,CA4600019
19.97,48125,32.2,CA4600017
19.97,48125,32.2,CA4600018
19.97,48125,32.2,CA4600056
19.97,48125,32.2,CA4600012
19.72,61154,32.2,CA0300024
23.66,44904.01,32.2,CA2702520
31.66,79287.37,32.19,CA3610050
34.2,78837.92,32.17,CA1910179
43.47,60084.47,32.17,CA5010017
13.43,120758.58,32.16,CA5610063
7.47,136224.48,32.16,CA3010101
17.5,94582.39,32.13,CA5610019
22.94,59238.38,32.11,CA3410013
31.2,48448.05,32.1,CA5110002
16.8,109156.77,32.1,CA3010092
25,49241,32.1,CA5200864
25,49241,32.1,CA5200534
25,49241,32.1,CA5200560
31.22,47824.8,32.09,CA0600012
32.41,74463.47,32.09,CA1910101
22.92,50559.02,32.08,CA3600226
6.88,119858.86,32.05,CA3410021
29.98,79588.14,32.03,CA5610008
39.89,31521.24,32.01,CA5410004
25.85,83583.88,32.01,CA3010022
18.65,101636.11,32.01,CA1910048
37.08,51635,32,CA3600025
37.08,51635,32,CA3600123
35.18,39508,32,CA0400019
17.08,86327,32,CA4900512
13.45,84286,32,CA0400001
13.45,84286,32,CA0400004
13.45,84286,32,CA0400149
13.45,84286,32,CA0400155
13.45,84286,32,CA0400091
13.45,84286,32,CA0400123
13.45,84286,32,CA0400042
13.45,84286,32,CA0400078
13.45,84286,32,CA0400090
13.45,84286,32,CA0400003
13.45,84286,32,CA0400041
16.96,86407.53,31.98,CA4910701
16.25,57249.54,31.98,CA5510013
26.57,113180.54,31.96,CA4300771
11.52,99092.05,31.96,CA3710021
23.94,92119.14,31.96,CA1910213
25.38,62372.97,31.95,CA2000552
15.07,60092.14,31.91,CA3310051
17.67,90476.71,31.9,CA3410029
20.74,98336.89,31.9,CA1900803
42.16,33083,31.9,CA3400156
22.96,77824,31.9,CA4800531
12.86,52263,31.9,CA4000563
23.74,82023.27,31.88,CA3010004
34.11,43718.52,31.87,CA5810002
20.72,98319.7,31.87,CA1900301
26.14,47162.72,31.86,CA5410003
46.75,50406.57,31.86,CA1910169
22.32,63121.53,31.86,CA3410018
13.62,55623.02,31.84,CA2910016
19.09,97103.22,31.84,CA3010041
20.5,40459.42,31.83,CA4510001
20.39,98319.24,31.81,CA1900146
46.15,37760,31.8,CA1310008
43.17,61333,31.8,CA1500575
43.17,61333,31.8,CA1500494
35.12,45242,31.8,CA1100237
35.12,45242,31.8,CA1100254
27.55,46250,31.8,CA1210023
27.55,46250,31.8,CA1206004
26.72,57287,31.8,CA3400190
15.5,51648,31.8,CA0900585
12.15,36579,31.8,CA4710012
10.91,90154,31.8,CA4900563
10.91,90154,31.8,CA4900843
35.12,45242,31.8,CA1110003
20.68,98235.17,31.8,CA1900102
12.86,51816.45,31.79,CA1210009
21.56,52797.91,31.77,CA5510024
33.69,77612.98,31.76,CA3010018
40.33,51848.65,31.75,CA1610001
11.95,113648.4,31.71,CA3710700
31.47,71182,31.7,CA4901445
24.57,50000,31.7,CA5500104
24.57,50000,31.7,CA5500116
20.75,110366,31.7,CA4901355
10.4,41014,31.7,CA3610703
8.02,97463,31.7,CA4010003
8.02,97463,31.7,CA4000222
8.02,97463,31.7,CA4000716
8.02,97463,31.7,CA4000214
24.57,50039.83,31.68,CA5500071
17.19,93859.8,31.67,CA3310038
27.01,72684.99,31.65,CA1910073
16.33,93113.21,31.63,CA3010053
36.16,57645.38,31.63,CA5410016
43.11,43334.92,31.6,CA1310004
7.94,77111.4,31.6,CA2910014
19.81,61544.1,31.6,CA3310017
25.73,46371,31.6,CA5200503
25.73,46371,31.6,CA5200562
25.73,46371,31.6,CA5200521
25.73,46371,31.6,CA5200558
25.73,46371,31.6,CA5200571
25.73,46371,31.6,CA5210503
25.73,46371,31.6,CA5200527
25.73,46371,31.6,CA5200657
43.86,65970.41,31.6,CA3910005
39.33,57981.33,31.6,CA5010014
11.9,92363.75,31.59,CA4210004
22.23,57312.25,31.57,CA0410004
12.23,129779.52,31.55,CA1910225
38.09,77054.87,31.54,CA1910205
44.16,52094.17,31.53,CA1610700
18.29,63500.59,31.52,CA0910003
45.85,41225,31.5,CA1510011
45.85,41225,31.5,CA1503475
45.85,41225,31.5,CA1500152
42.16,64528,31.5,CA2010010
40.5,84107,31.5,CA5400880
2.21,166389,31.5,CA4200578
13.11,87133.42,31.45,CA3710019
15.53,73978.69,31.44,CA5601122
16.96,114738.98,31.43,CA0110011
15.76,64584.29,31.43,CA3410006
15.49,100986.53,31.42,CA5602130
22.89,81199.21,31.41,CA0510019
22.9,81216,31.4,CA0510012
22.9,81216,31.4,CA0510010
14.13,82350,31.4,CA2701452
14.13,82350,31.4,CA2700738
14.13,82350,31.4,CA2700594
14.13,82350,31.4,CA2700766
14.13,82350,31.4,CA2700589
14.13,82350,31.4,CA2700634
14.13,82350,31.4,CA2702026
14.13,82350,31.4,CA2700579
14.13,82350,31.4,CA2702388
14.13,82350,31.4,CA2700638
14.13,82350,31.4,CA2700740
14.13,82350,31.4,CA2701423
6.92,124682.17,31.4,CA3010042
20.03,84912.8,31.37,CA3110048
44.48,45488.91,31.35,CA1500544
15.96,63082.71,31.31,CA4010007
65.35,49730,31.3,CA1000018
65.35,49730,31.3,CA1000277
23.61,44549,31.3,CA1100452
23.61,44549,31.3,CA1100445
19.47,42339,31.3,CA1400007
19.47,42339,31.3,CA1400045
19.47,42339,31.3,CA1400511
10.15,68229,31.3,CA4900687
19.47,42339.33,31.3,CA1410001
23.61,44562.2,31.29,CA1110001
28.62,51987.37,31.29,CA5110001
20.85,108425.14,31.26,CA4310011
25.52,71103.56,31.26,CA4810003
13.87,54004,31.25,CA2310007
14.19,83007.47,31.24,CA2701956
10.83,141566.27,31.24,CA1910054
43.54,66684.07,31.23,CA1910042
20.12,70949.88,31.22,CA5601134
39.35,86707.1,31.21,CA3900921
45.2,68384,31.2,CA1910022
22.49,53333,31.2,CA3610705
15.6,76318,31.2,CA3310040
15.6,76318,31.2,CA3301800
15.3,101944,31.2,CA5602117
15.3,101944,31.2,CA5602140
15.3,101944,31.2,CA5602132
15.3,101944,31.2,CA5603302
14.63,103457,31.2,CA3700919
13.91,53958,31.2,CA2310013
13.91,53958,31.2,CA2310012
5.79,159844,31.2,CA4300551
46.6,68134.31,31.19,CA1910098
7.5,120268.15,31.17,CA3010017
42.05,47854.45,31.17,CA1010026
37.8,94418.22,31.14,CA3310021
6.88,62630.08,31.14,CA2910023
13.4,80041.03,31.11,CA4510011
22.38,47383.17,31.11,CA1510032
47.62,66369.62,31.1,CA1910245
43.76,41500,31.1,CA5400631
38.89,86573,31.1,CA5410041
38.89,86573,31.1,CA5403144
16.18,34009,31.1,CA4710001
23.12,111981.84,31.1,CA1910204
44.54,48434.88,31.06,CA2410004
23.03,92571.76,31.06,CA0110005
21.64,42736.61,31.05,CA2310001
6.66,151244.82,31.03,CA1910104
22.11,69368.24,31.03,CA3610055
39.77,79234.2,31.03,CA1910033
21.07,112061.55,31,CA4310006
32.49,36810,31,CA3310802
32.49,36810,31,CA3310028
32.49,36810,31,CA3301381
32.49,36810,31,CA3301115
32.49,36810,31,CA3301226
14.84,102072,31,CA3700962
10.09,79327,31,CA2900541
11.36,74199.56,31,CA4200862
10.67,104753.15,30.99,CA2110003
40.6,70258.05,30.99,CA5010040
13.96,65010.83,30.98,CA0910015
40.11,61418.95,30.98,CA2010006
17.02,91779.48,30.98,CA4910017
40.71,49705.91,30.97,CA0710002
12.69,126301.11,30.95,CA4110011
10.94,105158.67,30.94,CA3710005
39.91,31666.04,30.94,CA1010044
13.06,87532.24,30.93,CA3110008
16.86,114665.86,30.93,CA3410002
19.02,49436.28,30.92,CA3600200
11.28,74643.08,30.92,CA4210013
43.39,42366.31,30.9,CA5400903
39.9,70422,30.9,CA4900913
33.75,96442,30.9,CA5000433
33.75,96442,30.9,CA5000317
33.75,96442,30.9,CA5000014
33.75,96442,30.9,CA5000013
28.26,69232,30.9,CA1500485
28.26,69232,30.9,CA1500455
28.26,69232,30.9,CA1502569
28.26,69232,30.9,CA1502744
23.06,71823,30.9,CA5400754
23.06,71823,30.9,CA5410503
23.06,71823,30.9,CA5400968
23.06,71823,30.9,CA5400506
23.06,71823,30.9,CA5400505
23.06,71823,30.9,CA5410513
23.06,71823,30.9,CA5400940
23.06,71823,30.9,CA5403113
23.06,71823,30.9,CA5400556
23.06,71823,30.9,CA5401026
23.06,71823,30.9,CA5400744
17.76,85566,30.9,CA4901071
12.04,149612,30.9,CA2800521
12.04,149612,30.9,CA2800040
9.34,91399,30.9,CA2110007
9.34,91399,30.9,CA2100519
9.34,91399,30.9,CA2110008
9.34,91399,30.9,CA2100579
9.34,91399,30.9,CA2100549
14.75,110095.22,30.9,CA1910240
9.3,91229.73,30.89,CA2110006
44.18,54222.76,30.87,CA5000090
19.24,109056.96,30.86,CA1910156
16.23,106691.66,30.85,CA1910140
39.82,52992.87,30.83,CA5010019
18.99,49450.93,30.83,CA3600180
21.68,74888.46,30.81,CA0510006
82.03,41321,30.8,CA1000366
29.9,45000,30.8,CA5210002
29.9,45000,30.8,CA5200502
29.9,45000,30.8,CA5200014
29.9,45000,30.8,CA5200575
26.8,69833,30.8,CA4900728
11.62,40000,30.8,CA4710006
11.62,40000,30.8,CA4700531
11.28,47068,30.8,CA4710004
11.28,47068,30.8,CA4700503
14.69,68460.1,30.78,CA4010004
27.46,90483.96,30.77,CA3610018
23.26,48095.81,30.75,CA0410008
20.11,30965.03,30.75,CA1910027
17.55,83031.72,30.72,CA2810004
7.7,85092.05,30.71,CA4210016
17.59,81435.83,30.7,CA4810008
27.9,70190,30.7,CA3100538
27.63,35000,30.7,CA4500007
27.63,35000,30.7,CA4500107
27.63,35000,30.7,CA4500194
27.63,35000,30.7,CA4500082
10.34,232211.05,30.66,CA5610006
23.97,86373.98,30.66,CA3610121
35.17,72273.11,30.64,CA1910034
15.38,78512.25,30.63,CA4910013
30.02,69392.1,30.62,CA5610009
16.09,61633.71,30.62,CA4510013
15.68,109775.82,30.62,CA4310022
8.62,122032.86,30.61,CA2110002
13.57,103280.49,30.6,CA4400624
29.31,40150,30.6,CA1410009
29.31,40150,30.6,CA1410505
29.31,40150,30.6,CA1400036
29.31,40150,30.6,CA1400098
29.31,40150,30.6,CA1410503
29.31,40150,30.6,CA1400037
29.31,40150,30.6,CA1400004
29.31,40150,30.6,CA1400027
29.31,40150,30.6,CA1400072
29.31,40150,30.6,CA1400099
29.31,40150,30.6,CA1410502
29.31,40150,30.6,CA1410003
4.09,146058,30.6,CA4400502
4.09,146058,30.6,CA4400598
4.09,146058,30.6,CA4400652
32.5,37248.46,30.59,CA3301428
14.27,85510.92,30.58,CA2700713
39.3,58302.85,30.55,CA3910010
21.17,105592.54,30.55,CA4110023
9.14,135113.32,30.54,CA3710029
48.18,35368,30.5,CA1010034
48.18,35368,30.5,CA1010030
48.18,35368,30.5,CA1000359
48.18,35368,30.5,CA1009051
48.18,35368,30.5,CA1000186
48.18,35368,30.5,CA1009258
38.81,64123,30.5,CA0707553
38.81,64123,30.5,CA0707589
37.62,34301,30.5,CA3600220
19.28,34743,30.5,CA4500254
16.03,82750,30.5,CA4901246
16.03,82750,30.5,CA4900674
16.03,82750,30.5,CA4901221
14.06,84438,30.5,CA4010040
14.06,84438,30.5,CA4000650
14.06,84438,30.5,CA4000506
14.06,84438,30.5,CA4000805
14.06,84438,30.5,CA4000705
7.27,85385,30.5,CA4000775
14.07,84400.52,30.48,CA4010081
48.88,35239.66,30.47,CA1009214
17.47,115706.16,30.45,CA0110003
16.51,114526.89,30.41,CA3710044
50.24,41331,30.4,CA1610006
50.24,41331,30.4,CA1610009
41.42,87344,30.4,CA3910024
41.42,87344,30.4,CA3900722
41.42,87344,30.4,CA3901337
41.42,87344,30.4,CA3900720
41.42,87344,30.4,CA3900602
41.42,87344,30.4,CA3900563
41.42,87344,30.4,CA3901159
41.42,87344,30.4,CA3900512
41.42,87344,30.4,CA3900523
41.42,87344,30.4,CA3901081
41.42,87344,30.4,CA3900517
39.04,63244,30.4,CA2000692
39.04,63244,30.4,CA2000529
32.02,76071,30.4,CA2701904
32.02,76071,30.4,CA2702198
32.02,76071,30.4,CA2701740
32.02,76071,30.4,CA2702409
32.02,76071,30.4,CA2702320
20.67,70495,30.4,CA5602115
10.73,83143.17,30.39,CA3110004
41.42,87247.08,30.38,CA3910020
29.06,40431.01,30.36,CA1410510
15.77,82500.68,30.34,CA3410009
10.71,77869.79,30.34,CA4210020
16.13,80882.12,30.3,CA3900504
26.19,44758,30.3,CA2701063
26.19,44758,30.3,CA2701820
4.83,75625,30.3,CA2110001
4.83,75625,30.3,CA2110502
42.47,56155.77,30.29,CA5010006
19.29,83597.38,30.29,CA4910006
37.74,53313.74,30.28,CA1310001
38.65,66339.31,30.23,CA4810004
13.18,57372.79,30.21,CA2010003
47.34,63259,30.2,CA5010033
47.34,63259,30.2,CA5010007
47.34,63259,30.2,CA5000313
47.34,63259,30.2,CA5000408
47.34,63259,30.2,CA5000297
38.66,66392,30.2,CA4800561
38.66,66392,30.2,CA4800574
38.66,66392,30.2,CA4810801
24.43,110326,30.2,CA3901172
23.63,75350,30.2,CA4900795
6.37,97765,30.2,CA4400625
27.5,70452.5,30.2,CA3610037
55.6,34015.76,30.18,CA1009232
38.33,48453.58,30.18,CA5410015
54.89,89324.86,30.17,CA3900653
37,47038.28,30.17,CA1310005
27.49,77033.11,30.15,CA1910090
5.79,134292.42,30.14,CA4210007
56.67,33821.39,30.14,CA1000019
11,73538.58,30.13,CA4900548
10.83,77960.61,30.1,CA0910013
24.41,67227.17,30.1,CA5010034
57.57,33657,30.1,CA1000585
17.54,58523,30.1,CA4210009
26.86,112144.73,30.1,CA4300542
47.56,36105.88,30.07,CA1009020
8.93,103126.36,30.05,CA3710015
47.11,61959.11,30.03,CA5010039
25.75,48942.93,30.03,CA2710007
24.96,71909.62,30.02,CA3901092
46.91,41272.31,30.02,CA1600023
27.56,82551.02,30.01,CA1910174
20.97,40470.61,30.01,CA2300743
31.98,82735.22,30,CA3910011
39.79,63984,30,CA2000512
39.79,63984,30,CA2000800
33.16,52250,30,CA5610021
33.16,52250,30,CA5601144
33.01,33171,30,CA1510033
33.01,33171,30,CA1500209
33.01,33171,30,CA1510043
33.01,33171,30,CA1500407
33.01,33171,30,CA1500588
33.01,33171,30,CA1500393
33.01,33171,30,CA1502564
33.01,33171,30,CA1500465
33.01,33171,30,CA1500336
33.01,33171,30,CA1500398
33.01,33171,30,CA1503536
33.01,33171,30,CA1502315
21.48,78917,30,CA3100043
20.7,39219,30,CA3301630
20.7,39219,30,CA3301045
10.73,69846,30,CA4400582
12.77,77601.75,29.99,CA3410016
21.64,45329.16,29.98,CA1710004
32.7,58615.79,29.98,CA1610005
23.6,85052.13,29.98,CA1510055
36.55,79332.38,29.97,CA3610012
20.31,73325.13,29.96,CA4810005
21.21,93939.72,29.95,CA1910239
4.96,177030.66,29.94,CA4300521
13.37,62869.95,29.93,CA4901309
17.56,95378.96,29.92,CA1910003
21.68,45323,29.9,CA1700630
14.38,105738,29.9,CA3410005
9.77,73147,29.9,CA4900545
9.77,73147,29.9,CA4900580
9.57,53897,29.9,CA2310010
5.93,102000,29.9,CA4200572
4.27,156917,29.9,CA4310021
11.2,93525.72,29.89,CA3710026
16.15,124888.13,29.89,CA4110008
19.7,87698.09,29.88,CA1910044
17.27,76953.69,29.85,CA1910130
17.89,62152.67,29.84,CA5500080
54.37,89442.54,29.84,CA3910023
14.94,109428.21,29.82,CA1910247
35.85,81841.27,29.81,CA3301541
27.21,76763.99,29.81,CA1010003
3,110987.24,29.81,CA3710004
73.28,15909,29.8,CA3600215
35.87,81897,29.8,CA3600187
28.5,49676,29.8,CA3301280
27.41,57170,29.8,CA2701036
27.41,57170,29.8,CA2701034
20.15,54650,29.8,CA5510009
20.15,54650,29.8,CA5500119
20.15,54650,29.8,CA5510503
18.37,40996,29.8,CA0400040
17.81,62355,29.8,CA5510006
17.81,62355,29.8,CA5510011
17.81,62355,29.8,CA5510004
17.81,62355,29.8,CA5510007
17.81,62355,29.8,CA5510016
17.81,62355,29.8,CA5500057
17.81,62355,29.8,CA5500060
17.81,62355,29.8,CA5500074
17.81,62355,29.8,CA5500053
17.81,62355,29.8,CA5500115
17.81,62355,29.8,CA5500019
17.81,62355,29.8,CA5510021
17.81,62355,29.8,CA5500353
11.9,89348,29.8,CA4900723
6.68,79281,29.8,CA0900404
26.19,60415.14,29.79,CA3410007
9.15,102039.63,29.78,CA4010019
13.51,71706.71,29.78,CA0910007
8.42,90079.14,29.77,CA4410002
43.83,43759.73,29.77,CA1910167
39.38,77039.25,29.76,CA1910189
7.62,101695.88,29.73,CA1910056
17.28,116640.52,29.72,CA4110022
26.13,70375.72,29.72,CA3310002
49.09,59063,29.7,CA3810702
37.1,67225,29.7,CA5010008
14.6,54583,29.7,CA3210009
23.32,48619.33,29.67,CA4710007
13.8,58952.01,29.64,CA0910002
59.32,54004,29.6,CA1510802
59.32,54004,29.6,CA1502620
59.32,54004,29.6,CA1500518
10.27,42455,29.6,CA3210001
10.27,42455,29.6,CA3200510
10.27,42455,29.6,CA3200127
10.27,42455,29.6,CA3200078
10.27,42455,29.6,CA3200189
10.27,42455,29.6,CA3200195
10.27,42455,29.6,CA3200155
8.76,104344,29.6,CA4000649
8.76,104344,29.6,CA4000670
34.73,48009.28,29.6,CA3301775
34.22,76812.8,29.57,CA2710020
23.08,78571.56,29.57,CA4810002
0,97189.16,29.5,CA3310800
19.08,91921,29.5,CA4900577
19.08,91921,29.5,CA4900665
19.08,91921,29.5,CA4900646
17.9,39884,29.5,CA0910019
22.22,35924.14,29.5,CA2510001
14.65,139822.72,29.5,CA5610003
22.96,78740.5,29.5,CA4810009
43.5,57887.32,29.5,CA2410006
21.48,51794.24,29.49,CA3610105
15.08,87434.76,29.49,CA2701633
22.52,71207.6,29.43,CA1010501
6.96,78874.04,29.43,CA4010001
36.82,29500,29.4,CA3303100
23.85,41719,29.4,CA3600382
20.1,75139,29.4,CA3900561
20.1,75139,29.4,CA3900721
50.09,45223.63,29.38,CA1310007
15.86,36236.69,29.38,CA1810001
33.7,41040.52,29.34,CA5810003
16.86,75839.61,29.33,CA5601104
33.26,32784,29.31,CA5410020
42.68,55096,29.3,CA5602101
38.31,42723,29.3,CA3310047
26.92,66828,29.3,CA0300078
14.48,90417,29.3,CA2700674
14.48,90417,29.3,CA2701553
14.48,90417,29.3,CA2700534
14.48,90417,29.3,CA2701926
14.48,90417,29.3,CA2700665
14.48,90417,29.3,CA2702073
14.48,90417,29.3,CA2701670
14.48,90417,29.3,CA2700624
14.48,90417,29.3,CA2700686
14.48,90417,29.3,CA2700547
14.48,90417,29.3,CA2700656
14.48,90417,29.3,CA2700682
14.48,90417,29.3,CA2700678
8.05,55733,29.3,CA2000521
8.05,55733,29.3,CA2000593
8.05,55733,29.3,CA2000502
8.05,55733,29.3,CA2000737
3.15,135026,29.3,CA4200580
71.3,90164,29.3,CA3900813
33.72,73716.77,29.3,CA3510001
8.09,113002.6,29.29,CA1910243
37.06,49102.01,29.28,CA1510020
39.14,57445.56,29.28,CA0110016
11.83,125828.9,29.26,CA1910255
8.17,55713.35,29.23,CA2010007
14.91,138970.07,29.23,CA0110010
21.5,79851.97,29.22,CA3410011
50.69,90192,29.2,CA4300578
44.35,32669,29.2,CA1310003
39.2,46941,29.2,CA5400805
15.51,93148,29.2,CA4910024
15.51,93148,29.2,CA4900570
15.51,93148,29.2,CA4900521
15.51,93148,29.2,CA4900736
38.14,51339.35,29.2,CA2410001
55.16,59114.82,29.19,CA2410008
12.9,71449.9,29.18,CA4910019
16.91,64193.13,29.18,CA5510005
10.87,50874.7,29.18,CA1210020
34.41,57231.02,29.1,CA3600086
24.2,63656.6,29.09,CA2710850
26.01,96248.47,29.04,CA3610850
29.55,70784.14,29.02,CA3410015
34.22,73811,29,CA0707588
28.99,40938,29,CA1510054
28.99,40938,29,CA1500542
28.99,40938,29,CA1503226
28.99,40938,29,CA1500540
27.53,56837,29,CA3410047
27.53,56837,29,CA3400106
27.53,56837,29,CA3400138
27.53,56837,29,CA3400130
27.53,56837,29,CA3400125
27.53,56837,29,CA3400101
27.53,56837,29,CA3400137
27.53,56837,29,CA3400150
27.53,56837,29,CA3400192
27.53,56837,29,CA3400155
25.72,45486,29,CA4510003
25.72,45486,29,CA4510015
14.68,92917,29,CA3710039
14.68,92917,29,CA3710009
14.68,92917,29,CA3700905
14.68,92917,29,CA3700074
14.68,92917,29,CA3700071
14.68,92917,29,CA3701747
14.68,92917,29,CA3701934
14.68,92917,29,CA3700897
14.68,92917,29,CA3700422
14.68,92917,29,CA3710802
25.72,45486.13,29,CA4500023
16.65,77830.32,28.98,CA4010026
8.26,101201.95,28.96,CA3110025
12.75,141616.98,28.95,CA0110009
24.11,66816,28.94,CA2701241
21.49,124125.24,28.93,CA4310005
45.66,25833,28.9,CA3301380
45.66,25833,28.9,CA3303035
40.34,123599,28.9,CA3900701
39.67,73508,28.9,CA5010031
32.16,59063,28.9,CA5010026
32.16,59063,28.9,CA5000010
32.16,59063,28.9,CA5000033
32.16,59063,28.9,CA5000579
32.03,62574,28.9,CA4900832
23.89,66563,28.9,CA2710851
23.89,66563,28.9,CA2701202
23.89,66563,28.9,CA2701046
23.89,66563,28.9,CA2701068
23.89,66563,28.9,CA2701040
23.89,66563,28.9,CA2701589
6.54,85161,28.9,CA4000523
5.67,54455,28.9,CA3301588
16.61,77789.07,28.9,CA4010018
40.34,123603.8,28.9,CA3910027
40.27,123517.82,28.89,CA3901216
24.45,93259.44,28.87,CA3510003
39.84,53528.28,28.86,CA5402047
24.46,53208.27,28.84,CA1500216
14.25,120836.45,28.83,CA4110018
3.24,90942.2,28.81,CA3110028
41.57,64621,28.8,CA5000016
24.36,53162,28.8,CA1510028
24.36,53162,28.8,CA1500475
14.4,23462,28.8,CA1300009
14.4,23462,28.8,CA1300588
28.66,90032.9,28.79,CA1910030
4.62,76041.35,28.75,CA3110029
24.53,53278.13,28.74,CA1510051
41.98,48428.66,28.72,CA1010018
50.27,44211,28.7,CA1300550
19.49,115057,28.7,CA0710010
19.49,115057,28.7,CA0710011
3.28,91944,28.7,CA3110051
21.41,49992.28,28.67,CA2300507
33.97,47211.82,28.65,CA5410019
46.52,44452.54,28.63,CA3610028
18.52,65295.93,28.63,CA4010005
39.61,54070.83,28.61,CA5403212
55.14,54750,28.6,CA2400167
39.57,54129,28.6,CA5400824
39.57,54129,28.6,CA5403023
39.57,54129,28.6,CA5400523
39.57,54129,28.6,CA5403084
39.57,54129,28.6,CA5400536
10,105278,28.6,CA2800516
10,105278,28.6,CA2800039
4.28,132820,28.6,CA2701882
4.28,132820,28.6,CA2702588
18.77,65187.01,28.6,CA4000501
19.34,116964.74,28.56,CA4310012
51.7,58021.07,28.54,CA5010018
12.3,103369.65,28.51,CA1910061
68.76,89622.91,28.51,CA3910701
8.63,144130.87,28.5,CA4110001
29.11,36348.83,28.5,CA1310011
19.67,77721,28.5,CA1400066
19.67,77721,28.5,CA1400006
19.67,77721,28.5,CA1400002
19.67,77721,28.5,CA1400070
19.67,77721,28.5,CA1400026
19.67,77721,28.5,CA1410800
19.67,77721,28.5,CA1400025
19.67,77721,28.5,CA1400034
19.67,77721,28.5,CA1400109
19.67,77721,28.5,CA1400078
19.67,77721,28.5,CA1400024
19.67,77721,28.5,CA1400155
10.47,72500,28.5,CA1000484
10.47,72500,28.5,CA1000041
10.47,72500,28.5,CA1010062
10.47,72500,28.5,CA1000260
10.47,72500,28.5,CA1000257
10.47,72500,28.5,CA1000063
10.47,72500,28.5,CA1000265
37.28,43215.27,28.49,CA2010001
10.41,96161.29,28.48,CA1910148
20.63,71446.33,28.45,CA1910010
9.83,114903.05,28.41,CA4110025
35.3,58670.26,28.4,CA1610003
24.4,63833,28.4,CA5200570
24.4,63833,28.4,CA5201147
24.4,63833,28.4,CA5200512
24.4,63833,28.4,CA5200013
18.56,52804,28.4,CA1500340
18.33,126842,28.4,CA1500555
18.33,126842,28.4,CA1502383
18.33,126842,28.4,CA1502545
9.53,93514.32,28.38,CA4410008
45.28,44771.75,28.36,CA2410010
14.91,89409.5,28.35,CA2702608
37.25,71034,28.3,CA5400666
37.25,71034,28.3,CA5400651
21.56,74468,28.3,CA4210021
21.25,70372,28.3,CA5100112
21.25,70372,28.3,CA5102025
16.82,48272,28.3,CA3210004
16.82,48272,28.3,CA3200114
13.9,118750,28.3,CA0707545
12.85,54211,28.3,CA2010012
12.85,54211,28.3,CA2000549
9.66,93333,28.3,CA4410016
9.66,93333,28.3,CA4410301
9.66,93333,28.3,CA4400621
8.46,101563,28.3,CA5700788
8.46,101563,28.3,CA5700707
5.42,99010,28.3,CA4000230
5.42,99010,28.3,CA4000637
5.42,99010,28.3,CA4000749
39.32,61599.55,28.3,CA5010013
32.22,61585.04,28.2,CA3910002
40.42,42019,28.2,CA1000369
40.42,42019,28.2,CA1000627
24.16,75027,28.2,CA1510701
14.23,42292,28.2,CA2300506
10.67,148625,28.2,CA0103040
40.42,42142.45,28.18,CA1010020
32.6,43189.96,28.17,CA3310003
15.04,87372.79,28.14,CA3700041
46.11,96083.76,28.13,CA3901348
18.67,37345.69,28.13,CA1910005
46.4,95890,28.1,CA3900805
46.4,95890,28.1,CA3900543
45.63,64356,28.1,CA2000511
10.53,111481,28.1,CA4400764
10.53,111481,28.1,CA4400613
10.53,111481,28.1,CA4400665
10.53,111481,28.1,CA4400684
10.53,111481,28.1,CA4400692
16.58,123878.65,28.1,CA4110027
41.11,82841,28,CA2400046
22.15,124530.41,27.96,CA4301004
9.45,69617.12,27.93,CA4910008
34.03,63744.06,27.9,CA5010042
62.11,33676,27.9,CA1610007
44.18,45391,27.9,CA5000005
44.18,45391,27.9,CA5000058
44.18,45391,27.9,CA5000061
38.1,53266,27.9,CA3910800
38.1,53266,27.9,CA3910018
38.1,53266,27.9,CA3901031
30.47,61914,27.9,CA1900809
6.82,84028,27.9,CA4200556
,42500,27.9,CA0510011
48.26,40039,27.8,CA2410007
3.48,108371,27.8,CA2910010
26.37,107454.63,27.75,CA3410704
72.92,50991.34,27.72,CA2900530
43.21,66972,27.7,CA1000247
43.21,66972,27.7,CA1000426
43.21,66972,27.7,CA1000407
15.06,57438,27.7,CA3200188
13.03,89276,27.7,CA0409183
13.03,89276,27.7,CA0400151
27.53,75514.97,27.65,CA1910200
15.24,88638.14,27.62,CA2701498
41.39,50123.17,27.61,CA2410700
19.54,52585,27.6,CA1710014
19.54,52585,27.6,CA1710022
19.54,52585,27.6,CA1710011
19.54,52585,27.6,CA1700568
19.54,52585,27.6,CA1700592
19.54,52585,27.6,CA1700546
19.54,52585,27.6,CA1700674
19.54,52585,27.6,CA1700606
19.54,52585,27.6,CA1700610
19.54,52585,27.6,CA1700536
19.54,52585,27.6,CA1700584
19.54,52585,27.6,CA1700519
19.54,52585,27.6,CA1700702
17.05,69353,27.6,CA1910006
23.84,64994.26,27.6,CA3610800
43.03,47445.18,27.59,CA3610701
16.02,42114.36,27.58,CA3610049
43,67290.3,27.55,CA1000021
16.33,85906.42,27.55,CA4910005
14.51,69128.7,27.53,CA5510002
0.54,149434.79,27.53,CA3710750
9.55,157759.48,27.52,CA0110012
17.57,100001.8,27.52,CA0710006
15.13,75298.96,27.51,CA3610047
9.16,94249.93,27.5,CA4200619
44.24,44952,27.5,CA2400084
34.66,51028,27.5,CA5101009
31.66,113799,27.5,CA3900702
31.66,113799,27.5,CA3900991
23.84,65174,27.5,CA3301031
15.57,59161,27.5,CA3600283
15.13,75313,27.5,CA1900529
15.13,75313,27.5,CA1900616
15.13,75313,27.5,CA1900901
15.13,75313,27.5,CA1910801
14.51,72870,27.5,CA1810004
14.51,72870,27.5,CA1800529
14.51,72870,27.5,CA1800503
14.51,72870,27.5,CA1800524
14.47,69223,27.5,CA5510003
14.47,69223,27.5,CA5500064
9.16,94250,27.5,CA4200807
9.16,94250,27.5,CA4200881
9.16,94250,27.5,CA4200618
9.16,94250,27.5,CA4200837
9.16,94250,27.5,CA4200802
9.16,94250,27.5,CA4200827
24.97,93411.27,27.47,CA3010002
13.81,120930.15,27.44,CA1910199
10.69,53989,27.4,CA4500063
7.79,94306,27.4,CA4200616
7.79,94306,27.4,CA4200531
7.79,94306,27.4,CA4200612
7.79,94306,27.4,CA4200505
7.79,94306,27.4,CA4200918
7.79,94306,27.4,CA4200579
8.95,163972.69,27.35,CA4110007
20.99,122553.84,27.32,CA0110001
17.26,59573.26,27.32,CA1510045
46.92,49618,27.3,CA5010023
25.83,70034,27.3,CA3310082
22.77,44643,27.3,CA1900936
22.77,44643,27.3,CA1900154
22.77,44643,27.3,CA1900145
22.77,44643,27.3,CA1900801
17.68,96802,27.3,CA1500409
17.68,96802,27.3,CA1500378
45.46,71710.58,27.28,CA1910029
24.29,45788.59,27.22,CA3301529
8.77,144169.88,27.2,CA2710012
24.3,45781,27.2,CA3301180
24.3,45781,27.2,CA3301018
21.79,77750,27.2,CA0510017
20,73696,27.2,CA5110007
13.81,91071,27.2,CA3700277
9.65,115865,27.2,CA3500579
11.23,60442.29,27.19,CA1800511
21.01,57411.27,27.17,CA2701658
48.41,35907.4,27.14,CA1510046
28.68,120532,27.1,CA4810026
8.29,110515,27.1,CA4400631
8.29,110515,27.1,CA4400526
8.29,110515,27.1,CA4400585
35.67,48271.43,27.1,CA5810001
26.13,72122.44,27.09,CA0310002
8.28,110681.8,27.08,CA4400618
13.87,145959.91,27.06,CA0110008
21.18,105558.89,27.06,CA3510004
3.52,121566.97,27.03,CA2710021
25.73,80229.91,27.01,CA1510031
24.44,59434.5,27.01,CA5400616
24.45,59408,27,CA5400710
24.45,59408,27,CA5400567
24.45,59408,27,CA5400647
7.3,149369,27,CA2701364
7.3,149369,27,CA2701263
7.3,149369,27,CA2701897
7.3,149366.64,27,CA2700731
6.55,143808.3,26.94,CA2710006
8.08,80814.31,26.91,CA4010008
21.99,98205.76,26.91,CA1910146
30.97,94967,26.9,CA5710011
30.97,94967,26.9,CA5700797
14.22,36350.76,26.89,CA4710010
16.59,101464.69,26.88,CA1910040
15.18,83668.82,26.88,CA4210002
21.14,59283.85,26.86,CA3810003
13.29,58426.26,26.84,CA3610110
55.63,79974.41,26.82,CA3910015
55.63,79974.41,26.82,CA3910017
15.97,112539,26.8,CA1502663
12.1,111206.38,26.77,CA0710009
52,43979.04,26.72,CA5403213
7.04,73749.43,26.7,CA4900785
7.04,73749.43,26.7,CA4910026
28.93,34821,26.7,CA3610854
27.04,55172,26.7,CA3301040
7.04,73750,26.7,CA4900789
7.04,73750,26.7,CA4900793
7.04,73750,26.7,CA4900673
3.29,119659,26.7,CA2700612
3.29,119659,26.7,CA2701503
3.29,119659,26.7,CA2701822
3.29,119659,26.7,CA2700799
3.29,119659,26.7,CA2702140
3.29,119659,26.7,CA2701367
3.29,119659,26.7,CA2700535
3.29,119659,26.7,CA2700622
3.29,119659,26.7,CA2702135
3.29,119659,26.7,CA2700523
3.29,119659,26.7,CA2700536
3.29,119659,26.7,CA2700775
3.29,119659,26.7,CA2701935
7.45,94542.47,26.66,CA4910025
14.3,70552.5,26.66,CA5510012
9.69,106823.91,26.62,CA4010023
45.96,65692.23,26.61,CA5000017
22,55262,26.6,CA2700728
22,55262,26.6,CA2710702
22,55262,26.6,CA2701687
22,55262,26.6,CA2702256
22,55262,26.6,CA2700606
22,55262,26.6,CA2701906
22,55262,26.6,CA2701701
13.03,58375,26.6,CA3610023
10.73,127461.57,26.55,CA4110003
22.22,75559,26.5,CA5601201
22.22,75559,26.5,CA5601110
7.46,94750,26.5,CA4901062
5.71,67031,26.5,CA4000648
25.43,61135.07,26.5,CA1510018
17.09,107535.46,26.49,CA3810011
8.77,89486.74,26.48,CA4000744
4.72,78921.8,26.47,CA3110019
38.73,63655.55,26.45,CA1010019
33,52883.51,26.42,CA2710005
37.09,80568,26.4,CA1310006
21.85,57596,26.4,CA3303003
2.63,225417,26.4,CA4300741
9.7,96257.74,26.39,CA2910003
19.3,118065.87,26.32,CA3110150
29.05,77752.8,26.3,CA3910007
37.77,54385,26.3,CA5410007
30.95,97273,26.3,CA4800753
18.59,42865,26.3,CA0405001
18.59,42865,26.3,CA0400027
18.59,42865,26.3,CA0400026
16.18,46161,26.3,CA4700551
14.62,105139,26.3,CA3400181
18.06,53829.38,26.27,CA0810002
39.05,67523.08,26.26,CA2710023
31.21,43229,26.2,CA5210003
31.21,43229,26.2,CA5200010
31.21,43229,26.2,CA5200504
31.21,43229,26.2,CA5200551
31.21,43229,26.2,CA5201137
31.21,43229,26.2,CA5200550
31.21,43229,26.2,CA5200531
31.21,43229,26.2,CA5200559
18.06,53547,26.2,CA0800555
18.06,53547,26.2,CA0800532
18.06,53547,26.2,CA0800556
18.06,53547,26.2,CA0800825
18.06,53547,26.2,CA0800861
17.85,114095.73,26.17,CA1910185
16.51,66710.49,26.17,CA1510017
8.55,115058.73,26.15,CA3410014
11.44,119226.54,26.15,CA1910134
38.92,86102,26.1,CA5000055
38.92,86102,26.1,CA5000048
26.86,58728,26.1,CA3600209
26.86,58728,26.1,CA3600385
17.5,60944,26.1,CA4500255
17.5,60944,26.1,CA4500081
17.5,60944,26.1,CA4500094
17.5,60944,26.1,CA4500203
17.5,60944,26.1,CA4500303
17.5,60944,26.1,CA4500092
17.5,60944,26.1,CA4500098
17.5,60944,26.1,CA4500104
11.88,103204.01,26.04,CA1910154
14.53,83368.34,26.02,CA4210018
14.53,83376.9,26,CA4200804
14.53,83377,26,CA4200891
8.1,76961.08,25.94,CA4010002
24.64,112784.81,25.94,CA4300543
25.75,69153.67,25.91,CA5810004
52.13,51968,25.9,CA2410003
25.75,69159,25.9,CA5800821
24.14,52821,25.9,CA1100404
24.14,52821,25.9,CA1100436
24.14,52821,25.9,CA1100444
24.14,52821,25.9,CA1100405
24.14,52821,25.9,CA1100413
16.3,115412,25.9,CA1502622
14.52,129130.39,25.88,CA4310007
5.11,75390.13,25.85,CA3110020
27.16,109879.38,25.82,CA0707547
31.88,83707,25.8,CA3500836
31.88,83707,25.8,CA3500912
31.88,83707,25.8,CA3500510
31.88,83707,25.8,CA3500581
31.88,83707,25.8,CA3500910
31.88,83707,25.8,CA3500549
31.88,83707,25.8,CA3500575
31.88,83707,25.8,CA3500923
31.88,83707,25.8,CA3500810
21.04,100469,25.8,CA1500349
13.88,63584,25.8,CA2610001
13.49,139554,25.8,CA4300562
9.84,128000,25.8,CA4010830
9.84,127921.05,25.8,CA4000765
9.84,128000,25.8,CA4000202
9.1,109194,25.8,CA4000771
9.1,109194,25.8,CA4000808
9.1,109194,25.8,CA4000815
9.1,109194,25.8,CA4000750
9.1,109194,25.8,CA4000741
5.07,75333,25.8,CA3110017
31.87,83726.2,25.79,CA3500511
21.08,100243.9,25.79,CA1500211
13.44,72485.71,25.76,CA5510015
6.94,159470.91,25.75,CA1910083
18.68,114055.07,25.7,CA5610015
43.6,60125,25.7,CA1500380
36.54,72750,25.7,CA5000099
36.54,72750,25.7,CA5000263
36.54,72750,25.7,CA5000067
21.74,46008,25.7,CA1110002
36.54,72749.15,25.7,CA5010029
28.66,87017.04,25.68,CA5805001
11.22,92443.84,25.6,CA2800035
40.3,54012,25.6,CA1900907
40.3,54012,25.6,CA1900541
40.3,54012,25.6,CA1900804
40.3,54012,25.6,CA1900520
40.3,54012,25.6,CA1900038
33.8,86985,25.6,CA0105008
31.33,53158,25.6,CA2702094
31.33,53158,25.6,CA2700837
14.49,44276,25.6,CA4710003
11.21,92452,25.6,CA2810001
11.21,92452,25.6,CA2810012
11.21,92452,25.6,CA2800625
11.21,92452,25.6,CA2800525
11.21,92452,25.6,CA2800528
11.21,92452,25.6,CA2800532
11.21,92452,25.6,CA2800527
17.14,84923.64,25.56,CA3710702
15.28,122292,25.5,CA4800589
12.91,73809.09,25.41,CA5510033
12.91,73815.58,25.41,CA5510028
28.21,83966.78,25.4,CA3500509
28.17,88467,25.4,CA5800572
28.17,88467,25.4,CA5800851
12.9,73835,25.4,CA5510023
12.9,73835,25.4,CA5510026
12.9,73835,25.4,CA5500042
12.9,73835,25.4,CA5500077
12.9,73835,25.4,CA5500092
12.9,73835,25.4,CA5510025
12.9,73835,25.4,CA5500041
12.9,73835,25.4,CA5500096
63.99,57955,25.3,CA1000244
63.99,57955,25.3,CA1000570
63.99,57955,25.3,CA1000324
29.28,82115,25.3,CA3500505
29.28,82115,25.3,CA3500006
29.28,82115,25.3,CA3500823
29.28,82115,25.3,CA3500552
29.28,82115,25.3,CA3510007
11.65,95894.33,25.26,CA4910010
17.35,101583,25.2,CA4210022
17.35,101583,25.2,CA4200560
17.35,101583,25.2,CA4200800
17.35,101583,25.2,CA4200851
9.81,148435.18,25.18,CA4110021
11.97,70302.79,25.02,CA2810002
8.65,64242.67,25,CA0510009
35.31,61404,25,CA2410012
35.31,61404,25,CA2400128
25.14,95270,25,CA0707517
14.89,54514,25,CA2000527
14.89,54514,25,CA2000293
14.89,54514,25,CA2000538
14.89,54514,25,CA2000524
14.89,54514,25,CA2000533
14.89,54514,25,CA2000688
14.89,54514,25,CA2000849
14.89,54514,25,CA2000530
14.89,54514,25,CA2000557
14.89,54514,25,CA2000526
14.89,54514,25,CA2000605
15.82,42212,24.9,CA1810003
15.82,42212,24.9,CA1800516
15.69,94958,24.9,CA1500599
15.69,94958,24.9,CA1503509
34.9,59836.72,24.89,CA1010004
14.56,57818.91,24.87,CA2010014
17.11,134840.75,24.82,CA4310014
28.71,71775,24.8,CA3900831
28.71,71775,24.8,CA3901303
28.71,71775,24.8,CA3901075
28.71,71775,24.8,CA3900733
28.71,71775,24.8,CA3900719
28.71,71775,24.8,CA3900586
28.71,71775,24.8,CA3900559
28.71,71775,24.8,CA3900837
25.31,77625,24.8,CA0300053
25.31,77625,24.8,CA0300062
21.43,53239,24.8,CA0610003
21.43,53239,24.8,CA0600013
21.43,53239,24.8,CA0600005
10.07,95761,24.8,CA4900653
10.07,95761,24.8,CA4900669
10.17,158448.37,24.75,CA4310009
10.4,103760.48,24.74,CA4110010
36.4,61745,24.7,CA1510800
36.4,61745,24.7,CA1500466
36.4,61745,24.7,CA1500489
36.4,61745,24.7,CA1500516
15.18,41938,24.7,CA1200729
15.18,41938,24.7,CA1200566
14.11,62313,24.7,CA2010011
14.11,62313,24.7,CA2000832
14.11,62313,24.7,CA2000775
14.11,62313,24.7,CA2000690
14.11,62313,24.7,CA2000757
14.11,62313,24.7,CA2000851
14.11,62313,24.7,CA2000865
14.11,62313,24.7,CA2010013
14.11,62313,24.7,CA2000573
36.25,61926.54,24.68,CA1510025
21.61,65814.37,24.67,CA0310004
14.82,115651.9,24.63,CA1910218
11.91,111258.91,24.61,CA3600185
35.26,30368,24.6,CA3610017
35.26,30368,24.6,CA3600383
35.26,30368,24.6,CA3600372
19.82,60125,24.6,CA0310006
19.82,60125,24.6,CA0300016
19.82,60125,24.6,CA0300019
19.82,60125,24.6,CA0300010
19.82,60125,24.6,CA0310019
2.87,138312.13,24.59,CA4900585
59.63,37458.05,24.56,CA1500296
59.6,37432,24.5,CA1500493
59.6,37432,24.5,CA1500289
59.6,37432,24.5,CA1502465
17.67,86838,24.5,CA0410003
17.67,86838,24.5,CA0400007
9.82,129063,24.5,CA4900603
9.82,129063,24.5,CA4900547
9.43,62768,24.5,CA1800523
2.86,138625,24.5,CA4900660
22.97,132345.87,24.47,CA3010100
12.24,67645,24.4,CA3301937
7.49,73702,24.4,CA0900102
9.7,169636.28,24.4,CA4310001
29.14,63851.31,24.35,CA2700709
19.82,121126,24.3,CA4110012
19.82,121126,24.3,CA4100582
19.82,121126,24.3,CA4100503
19.82,121126,24.3,CA4100509
19.82,121126,24.3,CA4100538
19.82,121126,24.3,CA4100555
19.82,121126,24.3,CA4100512
19.82,121126,24.3,CA4100539
19.82,121126,24.3,CA4100529
19.82,121126,24.3,CA4100510
19.82,121126,24.3,CA4100522
19.82,121126,24.3,CA4100583
19.82,121126,24.3,CA4100540
19.82,121126,24.3,CA4100551
18.64,83044,24.3,CA5710005
18.64,83044,24.3,CA5700615
12.02,51051,24.3,CA1805007
11.63,173373.05,24.28,CA4310018
20.37,121656.16,24.22,CA5610081
32.58,44107,24.2,CA1300616
32.58,44107,24.2,CA3301577
31.61,67133,24.2,CA3610118
31.61,67133,24.2,CA3601036
31.61,67133,24.2,CA3600386
22.83,63839,24.2,CA3310801
23.91,79897.59,24.17,CA2700702
19.91,47500,24.1,CA3900755
19.91,47500,24.1,CA3900649
19.91,47500,24.1,CA3900983
8.25,75938,24.1,CA4500012
26.95,81145.65,24.09,CA3610125
21.1,123614.36,24.06,CA5610058
13.88,41132.44,24.06,CA1210015
25.77,48010.31,24,CA1510027
42.82,53500,24,CA3900907
42.82,53500,24,CA3900568
42.82,53500,24,CA3900607
42.82,53500,24,CA3901113
42.82,53500,24,CA3910006
25.76,48011,24,CA1510002
,42986,24,CA4010832
40.24,50017.23,23.97,CA2410011
29.12,77005.6,23.92,CA3900927
19.29,65536,23.9,CA2710016
19.29,65536,23.9,CA2700992
19.29,65536,23.9,CA2701742
17.27,87455,23.9,CA1000023
17.27,87455,23.9,CA1000004
16.62,68688,23.9,CA3210006
16.62,68688,23.9,CA3210007
16.62,68688,23.9,CA3200150
16.62,68688,23.9,CA3205001
5.02,128490.54,23.84,CA3103836
21.83,81940.35,23.8,CA3310076
21.84,81939,23.8,CA3301528
24.68,134071.1,23.77,CA4310019
26.77,107069.03,23.72,CA3610117
27.26,60701,23.7,CA0410001
14.14,63875,23.7,CA5710007
14.14,63875,23.7,CA5700571
0.08,50407.54,23.69,CA3410032
19.14,100109.01,23.62,CA1510029
11.61,93947,23.6,CA3700918
8.94,156550,23.6,CA4300615
8.94,156550,23.6,CA4300999
8.94,156550,23.6,CA4300979
8.94,156550,23.6,CA4300560
8.94,156550,23.6,CA4300573
8.94,156550,23.6,CA4301013
8.86,92731.6,23.58,CA3410030
3.45,181937.33,23.58,CA3810700
5.01,128600.68,23.54,CA3103835
36.06,50833,23.5,CA1010049
21.41,107921.86,23.42,CA4810011
26.62,93378,23.4,CA4400763
26.62,93378,23.4,CA4400558
26.62,93378,23.4,CA4400599
26.62,93378,23.4,CA4400755
26.62,93378,23.4,CA4400660
26.62,93378,23.4,CA4400762
4.98,128898,23.4,CA3107339
8.7,66310.33,23.39,CA4510004
30.1,58079,23.3,CA0400012
14.85,104732,23.3,CA4200924
14.85,104732,23.3,CA4200703
14.85,104732,23.3,CA4200721
50.88,42292,23.2,CA2010801
50.88,42292,23.2,CA2010800
50.88,42292,23.2,CA2000554
27.47,64885,23.1,CA0610001
27.47,64885,23.1,CA0600008
27.47,64885,23.1,CA0605011
12.24,76667,23.1,CA4900562
12.24,76667,23.1,CA4900973
12.24,76667,23.1,CA4900901
7.23,192664.93,23.06,CA4110016
18.77,112561.68,23.04,CA2701918
22.43,65357,23,CA5510851
22.43,65357,23,CA5500048
22.43,65357,23,CA5510852
13.69,57019,23,CA0800552
13.69,57019,23,CA0800800
13.92,84656.52,22.98,CA1500374
26.2,77182.42,22.97,CA2702554
24.6,75638.91,22.96,CA1502670
15.85,59837,22.9,CA1900942
12.73,89059.87,22.87,CA1910103
34.46,50761,22.8,CA5100107
26.44,77080,22.8,CA2700511
26.44,77080,22.8,CA2701929
26.44,77080,22.8,CA2702007
26.44,77080,22.8,CA2700503
26.44,77080,22.8,CA2700687
26.44,77080,22.8,CA2702439
26.44,77080,22.8,CA2700792
26.44,77080,22.8,CA2700509
26.44,77080,22.8,CA2700838
26.44,77080,22.8,CA2702004
26.44,77080,22.8,CA2701789
26.44,77080,22.8,CA2702003
26.44,77080,22.8,CA2702055
26.44,77080,22.8,CA2700669
19.09,118746.95,22.78,CA2702110
26.26,76940,22.78,CA2700691
13.8,54559,22.7,CA2610003
13.8,54559,22.7,CA2610005
13.8,54559,22.7,CA2610701
13.8,54559,22.7,CA2600532
13.8,54559,22.7,CA2600622
13.8,54559,22.7,CA2610700
8.68,78681,22.7,CA3100023
13.59,52426.73,22.69,CA1410007
3.06,102733,22.6,CA3100011
21.51,79279,22.5,CA1510038
21.51,79279,22.5,CA1503329
21.51,79279,22.5,CA1500556
17.19,103259,22.5,CA1500535
17.19,103259,22.5,CA1500546
17.19,103259,22.5,CA1500507
17.19,103259,22.5,CA1500584
17.19,103259,22.5,CA1502600
17.19,103259,22.5,CA1500543
17.19,103259,22.5,CA1500560
17.19,103259,22.5,CA1502629
17.19,103259,22.5,CA1503669
18.3,132606.59,22.44,CA4300575
55.12,53057.18,22.4,CA2410018
55.12,53058,22.4,CA2400209
55.12,53058,22.4,CA2400201
34.51,64107,22.4,CA3600155
34.51,64107,22.4,CA3600010
11.57,66786,22.2,CA2610004
11.57,66786,22.2,CA2610002
11.57,66786,22.2,CA2600620
11.57,66786,22.2,CA2600547
11.57,66786,22.2,CA2600538
11.57,66786,22.2,CA2600501
11.57,66786,22.2,CA2600546
11.57,66786,22.2,CA2600714
11.57,66786,22.2,CA2600699
11.99,88811.87,22.05,CA3610085
27.8,89991.48,22.04,CA5000237
17.62,70417,22,CA2910013
29.95,49065.56,21.9,CA5700712
29.95,49063,21.9,CA5710004
29.95,49063,21.9,CA5700700
29.95,49063,21.9,CA5700554
27.65,90500,21.9,CA5000060
27.65,90500,21.9,CA5000008
27.65,90500,21.9,CA5000071
27.65,90500,21.9,CA5000082
17.69,122046.18,21.85,CA2700629
44.36,44754.6,21.83,CA1000345
22.26,83667,21.8,CA3910019
22.26,83667,21.8,CA3900505
8.37,142775.95,21.52,CA1910035
5.21,154080.32,21.52,CA4300525
19.77,47780.78,21.51,CA4500022
7.62,113443.81,21.51,CA2800531
5.21,154088,21.5,CA4300517
5.21,154088,21.5,CA4300516
5.21,154088,21.5,CA4300522
5.21,154088,21.5,CA4300520
5.21,154088,21.5,CA4300978
5.21,154088,21.5,CA4300526
5.21,154088,21.5,CA4300550
5.21,154088,21.5,CA4300716
5.21,154088,21.5,CA4300740
10.78,103611,21.4,CA4800564
17.43,123511,21.3,CA2700787
17.43,123511,21.3,CA2701570
17.43,123511,21.3,CA2700733
17.43,123502.93,21.3,CA2700662
17.43,123501.64,21.3,CA2700663
34.54,53085,21.2,CA3600388
28.24,107188,21.2,CA4300603
28.24,107188,21.2,CA4300637
28.24,107188,21.2,CA4300996
28.24,107188,21.2,CA4300832
10.25,102431,21.2,CA1000405
19.99,51383,21.1,CA2500911
19.68,51244.59,21.09,CA2500503
18.28,81498.79,20.9,CA2710019
18.27,81513,20.9,CA2700522
18.27,81513,20.9,CA2700548
18.27,81513,20.9,CA2702374
18.27,81513,20.9,CA2701647
18.27,81513,20.9,CA2700842
18.27,81513,20.9,CA2700541
15.43,74074,20.9,CA3110013
15.43,74074,20.9,CA3110011
15.43,74074,20.9,CA3110022
13.07,48220,20.9,CA2500801
43.51,57462,20.8,CA2400053
43.51,57462,20.8,CA2400172
17.93,113542,20.7,CA3701995
19.14,67417,20.4,CA1010013
19.14,67417,20.4,CA1000267
19.14,67417,20.4,CA1010800
19.14,67417,20.4,CA1000377
18.13,52454,20.3,CA1410008
18.13,52454,20.3,CA1400010
18.13,52454,20.3,CA1400020
18.13,52454,20.3,CA1410002
17.99,52526.44,20.29,CA1410006
16.9,90323.03,20.29,CA1000550
17.84,52601.86,20.28,CA1410004
4.7,117804,20,CA2800530
4.7,117804,20,CA2801080
4.7,117804,20,CA2800538
4.7,117804,20,CA2801016
7.17,125201.32,19.98,CA2110350
19.25,97237,19.9,CA4400664
14.04,38114,19.9,CA2300892
11.68,55703,19.9,CA1400111
11.68,55703,19.9,CA1400030
11.68,55703,19.9,CA1400005
11.68,55703,19.9,CA1400135
11.68,55703,19.9,CA2600621
11.68,55703,19.9,CA1400518
12.09,163651.72,19.88,CA3110040
23.73,45734,19.8,CA1100616
23.73,45734,19.8,CA1100203
2.7,123571,19.8,CA0707585
2.7,123571,19.8,CA0707623
10.08,60351,19.6,CA1210011
10.08,60351,19.6,CA1210022
10.08,60351,19.6,CA1210008
10.08,60351,19.6,CA1200671
10.08,60351,19.6,CA1200538
10.08,60351,19.6,CA1200587
10.08,60351,19.6,CA1210800
8.11,215042,19.6,CA4300831
7.51,120083,19.5,CA2100508
7.51,120083,19.5,CA2100565
,56042,19.5,CA2710300
,56042,19.5,CA2702299
,56042,19.5,CA2702268
,56042,19.5,CA2701257
,56042,19.5,CA2701279
,56042,19.5,CA2701295
,56042,19.5,CA2701898
,56042,19.5,CA2702328
,56042,19.5,CA2701731
,56042,19.5,CA2702325
,56042,19.5,CA2701278
,56042,19.5,CA2701280
31.92,54548.92,19.4,CA1009027
31.84,54784,19.3,CA1000213
31.84,54784,19.3,CA1009078
18.01,48459,19.3,CA4510008
18.01,48459,19.3,CA4500173
18.01,48459,19.3,CA4500027
18.01,48459,19.3,CA4500290
25.9,76639.13,19.26,CA2010008
25.75,99167,19.2,CA4300994
25.75,99167,19.2,CA4300924
25.75,99167,19.2,CA4300760
25.75,99167,19.2,CA4300571
8.1,85618.87,19.13,CA3110041
17.74,90141.31,19.01,CA1010051
17.72,90167,19,CA1000555
11.59,77692,18.8,CA3100061
34.99,86231,18.7,CA3901074
34.99,86231,18.7,CA3900624
34.99,86231,18.7,CA3900596
34.99,86231,18.7,CA3900705
34.99,86231,18.7,CA3900835
34.99,86231,18.7,CA3901304
34.19,50208,18.4,CA1310801
34.19,50208,18.4,CA1300514
34.19,50208,18.4,CA1300513
34.19,50208,18.4,CA1300629
34.19,50208,18.4,CA1300628
2,199057.65,18.28,CA4300545
9.4,91246.83,18.25,CA3110009
8.33,81765,18.1,CA4000568
38.95,94628,17.8,CA1600507
16.13,105759,17.5,CA3301877
,83000,17.5,CA1502320
13.33,58235,17.3,CA1100711
10.11,43824,15.6,CA2510002
17.69,115833,15.4,CA4300611
17.69,115833,15.4,CA4300909
11.34,64688,15,CA0210001
11.34,64688,15,CA0202504
11.34,64688,15,CA0202503
14.16,72925,14.2,CA1010017
14.16,72925,14.2,CA1010052
14.16,72925,14.2,CA1010053
14.16,72925,14.2,CA1000069
14.16,72925,14.2,CA1000056
14.16,72925,14.2,CA1009111
14.16,72925,14.2,CA1000042
14.16,72925,14.2,CA1000005
14.16,72925,14.2,CA1000040
14.16,72925,14.2,CA1000472
