"","STRATO","STRATUM","ID","LABEL","WEIGHTS","FPC","ï..PWSID","Fee.Code","Population","Service.Connections","CES.3.0.Score","Median_rent_pct_Income","tag","logService.Connections","Median_12month_HH_Income2","fee.code","Median_12month_HH_Income","Population.Bin","Service.Connections.Bin"
"1",1,"9*2","GSWC-CALIPATRIA",1,2.79310344827586,0.358024691358025,"CA1310003","C1",4425,1161,44.35,29.2,"Bin B",3.06483221973857,32669,1,32669,"9","2"
"2",1,"10*2","CORRECTIONAL TRAINING FACILITY - SOLEDAD",1,2.79310344827586,0.358024691358025,"CA2710850","C1",5500,2769,24.2,29.09,"Bin B",3.44232295574557,63656.6,1,63656.6,"10","2"
"3",1,"9*2","DENAIR COMMUNITY SERVICES DISTRICT",1,2.79310344827586,0.358024691358025,"CA5010021","C1",5102,1646,30.45,33,"Bin B",3.21642983087625,88750,1,88750,"9","2"
"4",1,"10*2","MILLVIEW COUNTY WATER DISTRICT",1,2.79310344827586,0.358024691358025,"CA2310006","C1",5500,1534,22.72,33.61,"Bin B",3.18582535961296,53064.52,1,53064.52,"10","2"
"5",1,"9*2","LA CUMBRE MUTUAL WATER CO",1,2.79310344827586,0.358024691358025,"CA4210024","C1",4861,1436,8.64,39.41,"Bin B",3.15715443990628,101572.63,1,101572.63,"9","2"
"6",1,"10*2","NEVADA ID - LAKE OF PINES",1,2.79310344827586,0.358024691358025,"CA2910014","C1",6762,2381,7.94,31.6,"Bin B",3.37675939540488,77111.4,1,77111.4,"10","2"
"7",1,"14*4","COASTSIDE COUNTY WATER DISTRICT",1,2.79310344827586,0.358024691358025,"CA4110011","C1",16811,6530,12.69,30.95,"Bin D",3.81491318127507,126301.11,1,126301.11,"14","4"
"8",1,"10*2","FOLSOM STATE PRISON",1,2.79310344827586,0.358024691358025,"CA3410032","C1",5422,2790,0.08,23.69,"Bin B",3.4456042032736,50407.54,1,50407.54,"10","2"
"9",1,"9*2","SLVWD - FELTON WATER SYSTEM",1,2.79310344827586,0.358024691358025,"CA4410002","C1",4340,1355,8.42,29.77,"Bin B",3.13193929521042,90079.14,1,90079.14,"9","2"
"10",1,"10*2","RANCHO MURIETA COMMUNITY SERVI",1,2.79310344827586,0.358024691358025,"CA3410005","C1",5688,2714,14.38,29.9,"Bin B",3.43360984332372,105738,1,105738,"10","2"
"11",1,"10*2","PALM RANCH IRRIGATION DIST.",1,2.79310344827586,0.358024691358025,"CA1910103","C1",5570,1686,12.73,22.87,"Bin B",3.22685757028872,89059.87,1,89059.87,"10","2"
"12",1,"9*2","DEL PASO MANOR COUNTY WATER DI",1,2.79310344827586,0.358024691358025,"CA3410007","C1",4520,1795,26.19,29.79,"Bin B",3.25406445291434,60415.14,1,60415.14,"9","2"
"13",1,"10*2","LA HABRA HEIGHTS CWD",1,2.79310344827586,0.358024691358025,"CA1910218","C1",5459,1998,14.82,24.63,"Bin B",3.30059548388996,115651.9,1,115651.9,"10","2"
"14",1,"10*2","SERRANO WATER DISTRICT",1,2.79310344827586,0.358024691358025,"CA3010082","C1",5895,2254,8.08,42.79,"Bin B",3.35295391171009,118655.48,1,118655.48,"10","2"
"15",1,"9*2","GOLDEN STATE WATER CO - WRIGHTWOOD",1,2.79310344827586,0.358024691358025,"CA3610047","C1",4424,2761,15.13,27.51,"Bin B",3.44106640663926,75298.96,1,75298.96,"9","2"
"16",1,"9*2","SO. CAL. EDISON CO.-SANTA CATALINA",1,2.79310344827586,0.358024691358025,"CA1910006","C1",4096,1943,17.05,27.6,"Bin B",3.28847280059978,69353,1,69353,"9","2"
"17",1,"10*2","LOS ANGELES CWWD 37-ACTON",1,2.79310344827586,0.358024691358025,"CA1910248","C1",6532,1410,15.32,34.99,"Bin B",3.14921911265538,107878.69,1,107878.69,"10","2"
"18",1,"9*2","RUSSIAN RIVER COUNTY WATER DISTRICT",1,2.79310344827586,0.358024691358025,"CA4910008","C1",4150,1253,9.45,27.93,"Bin B",3.09795107099415,69617.12,1,69617.12,"9","2"
"19",1,"10*2","SANTA ANA RIVER WATER COMPANY",1,2.79310344827586,0.358024691358025,"CA3310033","C1",6613,2031,36.56,39.66,"Bin B",3.30770992340481,58545.18,1,58545.18,"10","2"
"20",1,"10*2","SANTA CLARITA VALLEY W.A.-CASTAIC DIV.",1,2.79310344827586,0.358024691358025,"CA1910247","C1",6300,1909,14.94,29.82,"Bin B",3.28080592839367,109428.21,1,109428.21,"10","2"
"21",1,"10*2","SOLVANG WATER DIVISION",1,2.79310344827586,0.358024691358025,"CA4210013","C1",5771,2189,11.28,30.92,"Bin B",3.34024576156793,74643.08,1,74643.08,"10","2"
"22",1,"14*4","ARROYO GRANDE, WATER DEPARTMENT",1,2.79310344827586,0.358024691358025,"CA4010001","C1",17641,6783,6.96,29.43,"Bin D",3.83142181706502,78874.04,1,78874.04,"14","4"
"23",1,"10*2","CITY OF GUSTINE",1,2.79310344827586,0.358024691358025,"CA2410003","C1",5844,1904,52.13,25.9,"Bin B",3.27966694404846,51968,1,51968,"10","2"
"24",1,"9*2","LAS FLORES WATER CO.",1,2.79310344827586,0.358024691358025,"CA1910061","C1",4500,1479,12.3,28.51,"Bin B",3.16996817399689,103369.65,1,103369.65,"9","2"
"25",1,"9*2","NORTH PERRIS WATER SYSTEM",1,2.79310344827586,0.358024691358025,"CA3310082","C1",4500,1389,25.83,27.3,"Bin B",3.14270224573762,70034,1,70034,"9","2"
"26",1,"10*2","SUBURBAN WATER SYSTEMS-GLENDORA",1,2.79310344827586,0.358024691358025,"CA1910046","C1",6543,1559,23.96,32.84,"Bin B",3.19284611518884,82202.35,1,82202.35,"10","2"
"27",1,"9*2","CALAM - WEST PLACER",1,2.79310344827586,0.358024691358025,"CA3110150","C1",4472,1352,19.3,26.32,"Bin B",3.13097669160562,118065.87,1,118065.87,"9","2"
"28",1,"14*2","USMC - 29 PALMS",1,2.79310344827586,0.358024691358025,"CA3610703","C1",20117,2470,10.4,31.7,"Bin B",3.39269695325967,41014,1,41014,"14","2"
"29",1,"9*2","CHINA LAKE NAVAL AIR WEAPONS STATION",1,2.79310344827586,0.358024691358025,"CA1510703","C1",5000,1380,26.92,34,"Bin B",3.13987908640124,32000,1,32000,"9","2"
"30",10,"8*2","MISSION HILLS CSD",10,3,0.333333333333333,"CA4210019","C1",3560,1271,15.55,33.8,"Bin B",3.10414555055401,85818.94,1,85818.94,"8","2"
"31",10,"8*2","ANGELS, CITY OF",10,3,0.333333333333333,"CA0510003","C1",3836,1847,16.41,41.83,"Bin B",3.26646689544024,52739.47,1,52739.47,"8","2"
"32",10,"8*2","SAN ANTONIO WATER COMPANY",10,3,0.333333333333333,"CA3610085","C1",3371,1210,11.99,22.05,"Bin B",3.08278537031645,88811.87,1,88811.87,"8","2"
"33",10,"3*2","GREEN VALLEY MWC",10,3,0.333333333333333,"CA3610023","C1",350,1169,13.03,26.6,"Bin B",3.06781451116184,58375,1,58375,"3","2"
"34",10,"8*2","SANTA CLARITA VALLEY W.A.-TESORO DIV.",10,3,0.333333333333333,"CA1910255","C1",3818,1157,11.83,29.26,"Bin B",3.06333335895175,125828.9,1,125828.9,"8","2"
"35",10,"8*2","FOLSOM, CITY OF - ASHLAND",10,3,0.333333333333333,"CA3410030","C1",3538,1072,8.86,23.58,"Bin B",3.03019478535675,92731.6,1,92731.6,"8","2"
"36",10,"8*2","SALINAS VALLEY STATE PRISON",10,3,0.333333333333333,"CA2710851","C1",3386,2208,23.89,28.9,"Bin B",3.34399906905716,66563,1,66563,"8","2"
"37",2,"14*3","AMERICAN CANYON, CITY OF",2,3.33333333333333,0.3,"CA2810005","C1",20315,5298,16.69,33.19,"Bin C",3.72411195396121,94634.36,1,94634.36,"14","3"
"38",2,"14*3","CORCORAN, CITY OF",2,3.33333333333333,0.3,"CA1610004","C1",21835,3383,36.94,33.6,"Bin C",3.52930199778798,39193.46,1,39193.46,"14","3"
"39",2,"14*3","RIVERSIDE HIGHLAND WATER COMPANY",2,3.33333333333333,0.3,"CA3610057","C1",17780,4852,37.81,36.11,"Bin C",3.68592079219454,59866.07,1,59866.07,"14","3"
"40",2,"10*3","CAMBRIA COMM SERVICES DIST",2,3.33333333333333,0.3,"CA4010014","C1",6032,4034,3.23,36.08,"Bin C",3.60573589387675,67349.33,1,67349.33,"10","3"
"41",2,"14*3","CAL/AM WATER COMPANY - BALDWIN HILLS",2,3.33333333333333,0.3,"CA1910052","C1",20453,6198,28.67,33.48,"Bin C",3.79225157190326,93310.19,1,93310.19,"14","3"
"42",2,"14*3","COALINGA-CITY",2,3.33333333333333,0.3,"CA1010004","C1",16791,3561,34.9,24.89,"Bin C",3.55157197367425,59836.72,1,59836.72,"14","3"
"43",3,"11*2","GONZALES, CITY OF",3,2.55555555555556,0.391304347826087,"CA2710007","C1",8549,1912,25.75,30.03,"Bin B",3.28148788794008,48942.93,1,48942.93,"11","2"
"44",3,"9*1","COMMERCE-CITY, WATER DEPT.",3,2.55555555555556,0.391304347826087,"CA1910050","C1",4203,989,64.79,35.99,"Bin A",2.99519629159718,47800.17,1,47800.17,"9","1"
"45",3,"11*2","CITY OF CORNING",3,2.55555555555556,0.391304347826087,"CA5210001","C1",7663,2315,36.78,34.19,"Bin B",3.36455099535397,40616.78,1,40616.78,"11","2"
"46",3,"11*2","MONTEBELLO-CITY, WATER DEPT.",3,2.55555555555556,0.391304347826087,"CA1910117","C1",8195,1493,49.33,33.97,"Bin B",3.17405980772503,53590.75,1,53590.75,"11","2"
"47",3,"15*4","WINDSOR, TOWN OF",3,2.55555555555556,0.391304347826087,"CA4910017","C1",28209,8917,17.02,30.98,"Bin D",3.95021876664186,91779.48,1,91779.48,"15","4"
"48",3,"11*2","CITY OF WATERFORD",3,2.55555555555556,0.391304347826087,"CA5010006","C1",8788,2112,42.47,30.29,"Bin B",3.32469391386177,56155.77,1,56155.77,"11","2"
"49",3,"15*4","CAL-AM WATER COMPANY - DUARTE",3,2.55555555555556,0.391304347826087,"CA1910186","C1",24020,7279,36.94,35.57,"Bin D",3.86207171937999,66613.96,1,66613.96,"15","4"
"50",3,"11*2","SANTA CLARITA VALLEY W.A.-PINETREE DIV.",3,2.55555555555556,0.391304347826087,"CA1910250","C1",9095,2756,14.41,32.75,"Bin B",3.44027921323559,112795.97,1,112795.97,"11","2"
"51",3,"11*2","TEMPLETON CSD",3,2.55555555555556,0.391304347826087,"CA4010019","C1",9322,2938,9.15,29.78,"Bin B",3.46805179145424,102039.63,1,102039.63,"11","2"
"52",3,"9*1","BASS LAKE WATER COMPANY",3,2.55555555555556,0.391304347826087,"CA2010003","C1",4527,1009,13.18,30.21,"Bin A",3.00389116623691,57372.79,1,57372.79,"9","1"
"53",3,"17*4","LOMPOC-CITY WATER UTILITY DIV",3,2.55555555555556,0.391304347826087,"CA4210006","C1",40759,9818,22.2,32.94,"Bin D",3.99202302776385,49648.61,1,49648.61,"17","4"
"54",3,"11*2","CALIFORNIA WATER SERVICE CO.-TRAVIS AFB",3,2.55555555555556,0.391304347826087,"CA4810701","C1",7190,1796,16.45,34.03,"Bin B",3.25430633233129,74889.91,1,74889.91,"11","2"
"55",3,"11*2","GOLDEN STATE WC - COWAN HEIGHTS",3,2.55555555555556,0.391304347826087,"CA3010047","C1",7224,2520,10.73,36.96,"Bin B",3.40140054078154,136954.96,1,136954.96,"11","2"
"56",3,"15*4","LAGUNA BEACH COUNTY WD",3,2.55555555555556,0.391304347826087,"CA3010017","C1",23309,8662,7.5,31.17,"Bin D",3.93761817939382,120268.15,1,120268.15,"15","4"
"57",3,"11*2","FLORIN COUNTY WATER DISTRICT",3,2.55555555555556,0.391304347826087,"CA3410033","C1",7652,2373,44.26,39.66,"Bin B",3.37529773821734,41779.96,1,41779.96,"11","2"
"58",3,"17*4","PICO RIVERA - CITY, WATER DEPT.",3,2.55555555555556,0.391304347826087,"CA1910042","C1",40702,9433,43.54,31.23,"Bin D",3.97464983443872,66684.07,1,66684.07,"17","4"
"59",3,"11*2","SAN GABRIEL VALLEY WATER CO.-MONTEBELLO",3,2.55555555555556,0.391304347826087,"CA1910189","C1",8646,1582,39.38,29.76,"Bin B",3.19920647916166,77039.25,1,77039.25,"11","2"
"60",3,"15*4","REEDLEY, CITY OF",3,2.55555555555556,0.391304347826087,"CA1010027","C1",24194,6342,47.28,39.18,"Bin C",3.80222623769107,43066.57,1,43066.57,"15","4"
"61",3,"15*4","CWS - SELMA",3,2.55555555555556,0.391304347826087,"CA1010024","C1",26062,6357,54.94,38.18,"Bin C",3.80325221143046,43022.58,1,43022.58,"15","4"
"62",3,"17*4","ROHNERT PARK, CITY OF",3,2.55555555555556,0.391304347826087,"CA4910014","C1",42067,9505,14.43,37.43,"Bin D",3.97795212120146,67171.23,1,67171.23,"17","4"
"63",3,"17*4","RAINBOW MUNICIPAL WD",3,2.55555555555556,0.391304347826087,"CA3710016","C1",44726,8254,14.68,36.16,"Bin D",3.9166644645414,87072.08,1,87072.08,"17","4"
"64",3,"17*4","EL TORO WATER DISTRICT",3,2.55555555555556,0.391304347826087,"CA3010079","C1",49054,9583,17.79,38.69,"Bin D",3.98150148814825,85331.51,1,85331.51,"17","4"
"65",3,"15*4","LEMOORE, CITY OF",3,2.55555555555556,0.391304347826087,"CA1610005","C1",26093,7028,32.7,29.98,"Bin D",3.84683175282326,58615.79,1,58615.79,"15","4"
"66",3,"15*4","LIBERTY UTILITIES - COMPTON",3,2.55555555555556,0.391304347826087,"CA1910021","C1",23802,6978,57.78,34.28,"Bin D",3.84373096511209,58145.82,1,58145.82,"15","4"
"67",3,"11*2","GSWC - HOLLYDALE",3,2.55555555555556,0.391304347826087,"CA1910195","C1",7706,1667,50.88,36.6,"Bin B",3.22193559982801,52565.08,1,52565.08,"11","2"
"68",3,"15*4","PATTERSON, CITY OF",3,2.55555555555556,0.391304347826087,"CA5010017","C1",22679,6591,43.47,32.17,"Bin D",3.81895131164017,60084.47,1,60084.47,"15","4"
"69",3,"11*2","CHUCKAWALLA VALLEY STATE PRISON",3,2.55555555555556,0.391304347826087,"CA3310802","C1",7526,1864,32.49,31,"Bin B",3.27044590801796,36810,1,36810,"11","2"
"70",4,"7*2","CLAWA",4,3.77777777777778,0.264705882352941,"CA3610114","C1",2320,1223,27.16,36.77,"Bin B",3.08742645703629,60836.99,1,60836.99,"7","2"
"71",4,"11*3","MAMMOTH CWD",4,3.77777777777778,0.264705882352941,"CA2610001","C1",8234,3556,13.88,25.8,"Bin C",3.55096175229818,63584,1,63584,"11","3"
"72",4,"16*4","FALLBROOK PUD",4,3.77777777777778,0.264705882352941,"CA3710008","C1",34894,9107,20.28,35,"Bin D",3.95937533657584,61582.13,1,61582.13,"16","4"
"73",4,"5*2","TAHOE KEYS WATER COMPANY",4,3.77777777777778,0.264705882352941,"CA0910015","C1",1420,1566,13.96,30.98,"Bin B",3.19479175772192,65010.83,1,65010.83,"5","2"
"74",4,"11*3","GEORGETOWN DIVIDE PUD",4,3.77777777777778,0.264705882352941,"CA0910013","C1",9102,3824,10.83,30.1,"Bin C",3.58251788360406,77960.61,1,77960.61,"11","3"
"75",4,"16*4","SUISUN-SOLANO WATER AUTHORITY",4,3.77777777777778,0.264705882352941,"CA4810005","C1",29917,8436,20.31,29.96,"Bin D",3.92613657106745,73325.13,1,73325.13,"16","4"
"76",4,"7*2","RINCON DEL DIABLO MWD (ID-A)",4,3.77777777777778,0.264705882352941,"CA3710044","C1",2700,1059,16.51,30.41,"Bin B",3.02489596010748,114526.89,1,114526.89,"7","2"
"77",4,"11*3","PISMO BEACH WATER DEPARTMENT",4,3.77777777777778,0.264705882352941,"CA4010008","C1",8213,4858,8.08,26.91,"Bin C",3.68645751046911,80814.31,1,80814.31,"11","3"
"78",4,"16*4","CAMROSA WATER DISTRICT",4,3.77777777777778,0.264705882352941,"CA5610063","C1",30000,8751,13.43,32.16,"Bin D",3.9420576838414,120758.58,1,120758.58,"16","4"
"79",5,"12*3","SIERRA MADRE-CITY, WATER DEPT.",5,3.66666666666667,0.272727272727273,"CA1910148","C1",11000,3804,10.41,28.48,"Bin C",3.58024050826538,96161.29,1,96161.29,"12","3"
"80",5,"12*3","CITY OF NEWMAN-WATER DEPARTMENT",5,3.66666666666667,0.272727272727273,"CA5010013","C1",11658,3525,39.32,28.3,"Bin C",3.54715912132742,61599.55,1,61599.55,"12","3"
"81",5,"9*3","NORTH TAHOE PUD - MAIN",5,3.66666666666667,0.272727272727273,"CA3110001","C1",5300,3261,10.46,42.92,"Bin B",3.51335079880596,50475.71,1,50475.71,"9","3"
"82",5,"12*3","CCWD - EBBETTS PASS",5,3.66666666666667,0.272727272727273,"CA0510016","C1",12484,6013,10.33,36.04,"Bin C",3.7790912038455,59178.92,1,59178.92,"12","3"
"83",5,"12*3","SONOMA, CITY OF",5,3.66666666666667,0.272727272727273,"CA4910012","C1",11654,4189,10.77,37.17,"Bin C",3.62211036036122,77140.11,1,77140.11,"12","3"
"84",5,"12*3","MORRO BAY PW DEPT - WATER DIVISION",5,3.66666666666667,0.272727272727273,"CA4010011","C1",10234,5532,11.37,35.3,"Bin C",3.74288217143727,69327.81,1,69327.81,"12","3"
"85",6,"12*2","GOLDEN HILLS CSD",6,2.77777777777778,0.36,"CA1510045","C1",9608,2880,17.26,27.32,"Bin B",3.45939248775923,59573.26,1,59573.26,"12","2"
"86",6,"12*2","SIGNAL HILL - CITY, WATER DEPT.",6,2.77777777777778,0.36,"CA1910149","C1",11673,3062,39.08,33.68,"Bin B",3.48600518636224,77711.59,1,77711.59,"12","2"
"87",6,"13*2","CWSC KING CITY",6,2.77777777777778,0.36,"CA2710009","C1",14441,2701,26.12,37.75,"Bin B",3.43152458418745,37394.05,1,37394.05,"13","2"
"88",6,"12*2","MAYWOOD MUTUAL WATER CO. #3",6,2.77777777777778,0.36,"CA1910086","C1",9500,2014,51.93,37.45,"Bin B",3.3040594662176,41762.72,1,41762.72,"12","2"
"89",6,"12*2","OJAI WATER SYSTEM",6,2.77777777777778,0.36,"CA5610014","C1",9578,2895,10.52,37.56,"Bin B",3.46164856806346,75164.72,1,75164.72,"12","2"
"90",6,"12*2","RUBIO CANON LAND & WATER ASSOCIATION",6,2.77777777777778,0.36,"CA1910140","C1",9600,3128,16.23,30.85,"Bin B",3.49526674438781,106691.66,1,106691.66,"12","2"
"91",6,"12*2","SOUTH MESA WC",6,2.77777777777778,0.36,"CA3310017","C1",9936,2974,19.81,31.6,"Bin B",3.47334096418594,61544.1,1,61544.1,"12","2"
"92",6,"12*2","CITY OF ORANGE COVE",6,2.77777777777778,0.36,"CA1010023","C1",9780,1694,47.83,43.72,"Bin B",3.22891340599469,26148.01,1,26148.01,"12","2"
"93",6,"12*2","CALIFORNIA WATER SERVICE CO. - DIXON",6,2.77777777777778,0.36,"CA4810002","C1",10054,2861,23.08,29.57,"Bin B",3.45651785780526,78571.56,1,78571.56,"12","2"
"94",7,"13*3","NORWALK - CITY, WATER DEPT.",7,2.88888888888889,0.346153846153846,"CA1910191","C1",12794,5322,46.89,35.62,"Bin C",3.72607487021537,59409.37,1,59409.37,"13","3"
"95",7,"13*3","LOS ANGELES CWWD 40, REG. 38-LAKE LA",7,2.88888888888889,0.346153846153846,"CA1910005","C1",13796,3584,18.67,28.13,"Bin C",3.55436800099009,37345.69,1,37345.69,"13","3"
"96",7,"13*3","US ARMY FORT IRWIN",7,2.88888888888889,0.346153846153846,"CA3610705","C1",16000,3315,22.49,31.2,"Bin B",3.52048353274079,53333,1,53333,"13","3"
"97",7,"16*2","STANFORD UNIVERSITY",7,2.88888888888889,0.346153846153846,"CA4310013","C1",32218,1494,8.16,36.37,"Bin B",3.17435059747938,78372.78,1,78372.78,"16","2"
"98",7,"13*3","CITY OF LIVINGSTON",7,2.88888888888889,0.346153846153846,"CA2410004","C1",14894,3419,44.54,31.06,"Bin C",3.53389910079659,48434.88,1,48434.88,"13","3"
"99",7,"13*3","CAL AM FRUITRIDGE VISTA",7,2.88888888888889,0.346153846153846,"CA3410023","C1",15712,4761,48.93,38.13,"Bin C",3.67769818147451,34329.35,1,34329.35,"13","3"
"100",7,"13*3","CARPINTERIA VALLEY WATER DISTRICT",7,2.88888888888889,0.346153846153846,"CA4210001","C1",15346,3992,16.82,34.57,"Bin C",3.60119053261533,80371.71,1,80371.71,"13","3"
"101",7,"13*3","WESTBOROUGH COUNTY WATER DIST",7,2.88888888888889,0.346153846153846,"CA4110027","C1",14050,3885,16.58,28.1,"Bin C",3.58939102313693,123878.65,1,123878.65,"13","3"
"102",7,"13*3","CALIFORNIA MENS COLONY",7,2.88888888888889,0.346153846153846,"CA4010830","C1",15000,5357,9.84,25.8,"Bin C",3.72892164637286,128000,1,128000,"13","3"
"103",8,"15*3","PICO WD",8,3.75,0.266666666666667,"CA1910125","C1",25284,5441,43.11,33.12,"Bin C",3.7356787259059,61574.68,1,61574.68,"15","3"
"104",8,"17*3","HAWTHORNE-CITY WATER DEPT.",8,3.75,0.266666666666667,"CA1910047","C1",44649,6219,45.86,34.46,"Bin C",3.79372055681352,49406.29,1,49406.29,"17","3"
"105",8,"15*3","SAN FERNANDO-CITY, WATER DEPT.",8,3.75,0.266666666666667,"CA1910143","C1",24714,5158,38.98,36.75,"Bin C",3.71248133780192,57426.42,1,57426.42,"15","3"
"106",8,"15*3","BRAWLEY, CITY OF",8,3.75,0.266666666666667,"CA1310001","C1",27337,5758,37.74,30.28,"Bin C",3.76027166054206,53313.74,1,53313.74,"15","3"
"107",9,"6*1","WESTERN HILLS WATER DISTRICT/DIABLO GRAN",9,2.33333333333333,0.428571428571429,"CA5010039","C1",2000,596,47.11,30.03,"Bin A",2.77524625974024,61959.11,1,61959.11,"6","1"
"108",9,"18*4","CAMP PENDLETON (SOUTH)",9,2.33333333333333,0.428571428571429,"CA3710702","C1",56985,7828,17.14,25.56,"Bin D",3.89365081698596,84923.64,1,84923.64,"18","4"
"109",9,"6*1","GOLDEN STATE WATER CO - MORONGO DEL SUR",9,2.33333333333333,0.428571428571429,"CA3610063","C1",1746,809,23.37,33,"Bin A",2.90794852161227,50974,1,50974,"6","1"
"110",1,"10*2","MADERA VALLEY WATER COMPANY",1,1.71428571428571,0.583333333333333,"CA2010010","DAVCL",6372,1931,42.16,31.5,"Bin B",3.28578227377939,64528,2,64528,"10","2"
"111",1,"10*2","SWEETWATER SPRINGS CWD - GUERNEVILLE",1,1.71428571428571,0.583333333333333,"CA4910004","DAVCL",6000,2676,10.82,39.8,"Bin B",3.42748610909579,60754.08,2,60754.08,"10","2"
"112",1,"10*2","WILLITS, CITY OF",1,1.71428571428571,0.583333333333333,"CA2310004","DAVCL",6175,2404,22.44,35.6,"Bin B",3.3809344633307,36916.99,2,36916.99,"10","2"
"113",1,"10*2","SATIVA-L.A. CWD",1,1.71428571428571,0.583333333333333,"CA1910147","DAVCL",6837,1643,63.22,39.7,"Bin B",3.21563756343506,35967.04,2,35967.04,"10","2"
"114",1,"10*2","HUGHSON, CITY OF",1,1.71428571428571,0.583333333333333,"CA5010008","DAVCL",6082,2065,37.1,29.7,"Bin B",3.31492005599242,67225,2,67225,"10","2"
"115",1,"10*2","FORESTHILL PUBLIC UTILITY DIST",1,1.71428571428571,0.583333333333333,"CA3110003","DAVCL",6000,2032,11.58,33.8,"Bin B",3.30792370361188,78625,2,78625,"10","2"
"116",1,"10*2","CALAVERAS PUD",1,1.71428571428571,0.583333333333333,"CA0510002","DAVCL",6254,1895,15.48,38.3,"Bin B",3.27760921430409,42110.94,2,42110.94,"10","2"
"117",2,"11*2","GUADALUPE WATER DEPARTMENT",2,2.51851851851852,0.397058823529412,"CA4210003","DAVCL",7517,2219,38.3,38.2,"Bin B",3.34615730223201,45097,2,45097,"11","2"
"118",2,"9*2","KEYES COMMUNITY SERVICES DIST.",2,2.51851851851852,0.397058823529412,"CA5010009","DAVCL",5232,1333,44.08,42.5,"Bin B",3.12483014941386,51285.77,2,51285.77,"9","2"
"119",2,"11*2","CLEAR CREEK CSD-ANDERSON",2,2.51851851851852,0.397058823529412,"CA4510016","DAVCL",8900,2357,15.46,44.92,"Bin B",3.37235958252432,60817,2,60817,"11","2"
"120",2,"12*2","THERMALITO WATER & SEWER DIST",2,2.51851851851852,0.397058823529412,"CA0410008","DAVCL",10095,3059,23.26,30.75,"Bin B",3.48557947698468,48095.81,2,48095.81,"12","2"
"121",2,"14*3","LAMONT PUBLIC UTILITY DIST",2,2.51851851851852,0.397058823529412,"CA1510012","DAVCL",19057,3300,34.52,32.62,"Bin B",3.51851393987789,39997.02,2,39997.02,"14","3"
"122",2,"11*2","FORT BRAGG, CITY OF",2,2.51851851851852,0.397058823529412,"CA2310001","DAVCL",7250,2944,21.64,31.05,"Bin B",3.46893780566546,42736.61,2,42736.61,"11","2"
"123",2,"9*2","VALLEY VIEW MUTUAL WATER CO.",2,2.51851851851852,0.397058823529412,"CA1910165","DAVCL",4571,1389,44.36,33.7,"Bin B",3.14270224573762,71931.32,2,71931.32,"9","2"
"124",2,"11*2","CAL-WATER SERVICE CO.-WILLOWS",2,2.51851851851852,0.397058823529412,"CA1110003","DAVCL",7153,2370,35.12,31.8,"Bin B",3.3747483460101,45242,2,45242,"11","2"
"125",2,"9*2","COACHELLA VWD: I.D. NO. 8",2,2.51851851851852,0.397058823529412,"CA3310048","DAVCL",4300,1586,9.25,36.15,"Bin B",3.20030318298158,52827.74,2,52827.74,"9","2"
"126",2,"12*3","CITY OF SHASTA LAKE",2,2.51851851851852,0.397058823529412,"CA4510006","DAVCL",10386,3752,12.34,36.62,"Bin C",3.57426282970703,50924.25,2,50924.25,"12","3"
"127",2,"13*3","KERMAN, CITY OF",2,2.51851851851852,0.397058823529412,"CA1010018","DAVCL",14349,3478,41.98,28.72,"Bin C",3.54132957766669,48428.66,2,48428.66,"13","3"
"128",2,"9*2","LAKEPORT, CITY OF",2,2.51851851851852,0.397058823529412,"CA1710004","DAVCL",4762,2232,21.64,29.98,"Bin B",3.34869419026554,45329.16,2,45329.16,"9","2"
"129",2,"16*4","CITY OF ATWATER",2,2.51851851851852,0.397058823529412,"CA2410001","DAVCL",29479,8419,38.14,29.2,"Bin D",3.92526050951944,51339.35,2,51339.35,"16","4"
"130",2,"12*3","FORTUNA, CITY OF",2,2.51851851851852,0.397058823529412,"CA1210006","DAVCL",11649,4377,24.11,35.32,"Bin C",3.64117654661311,45741.43,2,45741.43,"12","3"
"131",2,"12*3","CITY OF ANDERSON",2,2.51851851851852,0.397058823529412,"CA4510001","DAVCL",11147,3339,20.5,31.83,"Bin C",3.52361641905437,40459.42,2,40459.42,"12","3"
"132",2,"9*2","IVANHOE PUBLIC UTILITY DIST",2,2.51851851851852,0.397058823529412,"CA5410019","DAVCL",4495,1118,33.97,28.65,"Bin B",3.0484418035504,47211.82,2,47211.82,"9","2"
"133",2,"9*2","MOJAVE PUD",2,2.51851851851852,0.397058823529412,"CA1510014","DAVCL",4200,1166,38.23,34.67,"Bin B",3.066698550423,41806.62,2,41806.62,"9","2"
"134",2,"12*3","CAL-WATER SERVICE CO.-MARYSVILLE",2,2.51851851851852,0.397058823529412,"CA5810001","DAVCL",12231,3694,35.67,27.1,"Bin C",3.56749689110422,48271.43,2,48271.43,"12","3"
"135",2,"11*2","FIREBAUGH CITY",2,2.51851851851852,0.397058823529412,"CA1010005","DAVCL",7619,1642,45.54,32.4,"Bin B",3.21537315278342,41218.96,2,41218.96,"11","2"
"136",2,"9*2","KONOCTI COUNTY WATER DISTRICT",2,2.51851851851852,0.397058823529412,"CA1710006","DAVCL",4425,1796,22.94,38.5,"Bin B",3.25430633233129,28642.23,2,28642.23,"9","2"
"137",2,"11*3","CITY OF SUSANVILLE",2,2.51851851851852,0.397058823529412,"CA1810001","DAVCL",8492,3825,15.86,29.38,"Bin C",3.58263143948964,36236.69,2,36236.69,"11","3"
"138",2,"9*2","GOLDEN STATE WATER CO.-CLEARLAKE SYSTEM",2,2.51851851851852,0.397058823529412,"CA1710002","DAVCL",4104,2104,21.05,32.46,"Bin B",3.3230457354817,31923.52,2,31923.52,"9","2"
"139",2,"14*3","LINDA COUNTY WATER DISTRICT",2,2.51851851851852,0.397058823529412,"CA5810002","DAVCL",18800,4822,34.11,31.87,"Bin C",3.68322720604144,43718.52,2,43718.52,"14","3"
"140",2,"11*3","CRESTLINE VILLAGE CWD - DIVISION 10",2,2.51851851851852,0.397058823529412,"CA3610015","DAVCL",8360,4950,29.66,33.98,"Bin C",3.69460519893357,60824.34,2,60824.34,"11","3"
"141",2,"14*3","ARCATA, CITY OF",2,2.51851851851852,0.397058823529412,"CA1210001","DAVCL",19077,6134,24.2,49.22,"Bin C",3.78774377164647,37627.25,2,37627.25,"14","3"
"142",2,"13*3","HUNTINGTON PARK-CITY, WATER DEPT.",2,2.51851851851852,0.397058823529412,"CA1910049","DAVCL",15414,5572,53.83,38.33,"Bin C",3.74601110775193,41253,2,41253,"13","3"
"143",2,"11*2","WOODLAKE, CITY OF",2,2.51851851851852,0.397058823529412,"CA5410020","DAVCL",7950,1813,33.26,29.31,"Bin B",3.25839780409551,32784,2,32784,"11","2"
"144",3,"18*4","DELANO, CITY OF",3,3.25,0.307692307692308,"CA1510005","DAVCL",53936,9890,43.58,32.86,"Bin D",3.99519629159718,42441.56,2,42441.56,"18","4"
"145",3,"13*2","AVENAL, CITY OF",3,3.25,0.307692307692308,"CA1610002","DAVCL",13218,1953,39.63,35,"Bin B",3.29070224328785,41097,2,41097,"13","2"
"146",3,"14*2","BAKMAN WATER COMPANY",3,3.25,0.307692307692308,"CA1010001","DAVCL",16756,2505,52.05,40.44,"Bin B",3.39880773020326,39946.37,2,39946.37,"14","2"
"147",3,"18*4","PARAMOUNT - CITY, WATER DEPT.",3,3.25,0.307692307692308,"CA1910105","DAVCL",56000,7429,56.79,34.21,"Bin D",3.8709303583487,55140.59,2,55140.59,"18","4"
"148",4,"7*2","LAKE COUNTY CSA 21 - NORTH LAKEPORT",4,5,0.2,"CA1710021","DAVCL",2759,1196,20.31,32.91,"Bin B",3.07773117965239,45551.49,2,45551.49,"7","2"
"149",4,"7*2","TWAIN HARTE COMMUNITY SERVICES DISTRICT",4,5,0.2,"CA5510005","DAVCL",2226,1572,16.91,29.18,"Bin B",3.19645254170339,64193.13,2,64193.13,"7","2"
"150",4,"8*2","LAKE DON PEDRO CSD",4,5,0.2,"CA5510008","DAVCL",3240,1461,17.27,33.31,"Bin B",3.1646502159343,51435.57,2,51435.57,"8","2"
"151",4,"7*2","SWEETWATER SPRINGS CWD - MONTE RIO",4,5,0.2,"CA4910028","DAVCL",3000,1124,11.18,49.04,"Bin B",3.05076631123304,56552.23,2,56552.23,"7","2"
"152",4,"7*2","CLEARLAKE OAKS COUNTY WATER DISTRICT",4,5,0.2,"CA1710001","DAVCL",2359,2035,16.57,33.16,"Bin B",3.30856441356124,38182.57,2,38182.57,"7","2"
"153",4,"8*2","WEAVERVILLE C.S.D.",4,5,0.2,"CA5310001","DAVCL",3600,1636,11.89,35.91,"Bin B",3.2137832993353,41982.64,2,41982.64,"8","2"
"154",1,"1*1","FCSA #49/ FIVE POINTS",1,2.5531914893617,0.391666666666667,"CA1000546","DAVCS",134,46,43.94,33.2,"Bin A",1.66275783168157,21732,3,21732,"1","1"
"155",1,"1*1","SOUTH CLOVERDALE WATER COMPANY",1,2.5531914893617,0.391666666666667,"CA4900510","DAVCS",90,39,19.7,33.21,"Bin A",1.5910646070265,65656.06,3,65656.06,"1","1"
"156",1,"3*1","PATTERSON TRACT CSD",1,2.5531914893617,0.391666666666667,"CA5402038","DAVCS",550,153,51.07,42.2,"Bin A",2.1846914308176,31117,3,31117,"3","1"
"157",1,"4*1","PLAINVIEW MUTUAL WATER COMPANY",1,2.5531914893617,0.391666666666667,"CA5410039","DAVCS",617,187,47.4,37,"Bin A",2.2718416065365,40020,3,40020,"4","1"
"158",1,"3*1","LOCH LOMOND MUTUAL WATER CO",1,2.5531914893617,0.391666666666667,"CA1700518","DAVCS",588,210,11.46,37.8,"Bin A",2.32221929473392,63875,3,63875,"3","1"
"159",1,"1*1","NEVADA ID - SMARTSVILLE",1,2.5531914893617,0.391666666666667,"CA5810005","DAVCS",122,43,33.96,36.6,"Bin A",1.63346845557959,57969,3,57969,"1","1"
"160",1,"1*1","GEORGE COX WATER SYSTEM",1,2.5531914893617,0.391666666666667,"CA1000407","DAVCS",40,20,43.21,27.7,"Bin A",1.30102999566398,66972,3,66972,"1","1"
"161",1,"4*1","LEAVITT LAKE CSD",1,2.5531914893617,0.391666666666667,"CA1810004","DAVCS",950,259,14.51,27.5,"Bin A",2.41329976408125,72870,3,72870,"4","1"
"162",1,"3*1","TEVISTON CSD",1,2.5531914893617,0.391666666666667,"CA5400641","DAVCS",343,104,52.66,38,"Bin A",2.01703333929878,28778,3,28778,"3","1"
"163",1,"3*1","DOLPHIN ISLE MARINA",1,2.5531914893617,0.391666666666667,"CA2300743","DAVCS",560,86,20.97,30.01,"Bin A",1.93449845124357,40470.61,3,40470.61,"3","1"
"164",1,"1*1","COBB AREA CWD - HILL NINE AND TEN",1,2.5531914893617,0.391666666666667,"CA1700552","DAVCS",60,18,11.61,37.61,"Bin A",1.25527250510331,63666.47,3,63666.47,"1","1"
"165",1,"3*1","SEVILLE WATER COMPANY",1,2.5531914893617,0.391666666666667,"CA5400550","DAVCS",480,90,36.83,34.14,"Bin A",1.95424250943932,37406.3,3,37406.3,"3","1"
"166",1,"4*1","WOODVILLE FARM LABOR CENTER",1,2.5531914893617,0.391666666666667,"CA5400792","DAVCS",690,177,44.87,33,"Bin A",2.24797326636181,33698,3,33698,"4","1"
"167",1,"4*1","BRIDGEPORT PUD",1,2.5531914893617,0.391666666666667,"CA2610003","DAVCS",851,258,13.8,22.7,"Bin A",2.41161970596323,54559,3,54559,"4","1"
"168",1,"3*1","COUNTY SERVICE AREA 11",1,2.5531914893617,0.391666666666667,"CA4100582","DAVCS",450,101,19.82,24.3,"Bin A",2.00432137378264,121126,3,121126,"3","1"
"169",1,"1*1","ALLEGHANY COUNTY W.D.",1,2.5531914893617,0.391666666666667,"CA4600012","DAVCS",80,56,19.97,32.2,"Bin A",1.7481880270062,48125,3,48125,"1","1"
"170",1,"1*1","DUNE 3 MUTUAL WATER COMPANY, LLC",1,2.5531914893617,0.391666666666667,"CA1502690","DAVCS",101,36,18.96,36.2,"Bin A",1.55630250076729,69767,3,69767,"1","1"
"171",1,"1*1","ORLEANS MUTUAL WATER CO.",1,2.5531914893617,0.391666666666667,"CA1200566","DAVCS",85,38,15.18,24.7,"Bin A",1.57978359661681,41938,3,41938,"1","1"
"172",1,"4*1","SCOTIA CSD",1,2.5531914893617,0.391666666666667,"CA1210010","DAVCS",850,308,21.77,33.1,"Bin A",2.48855071650044,37697,3,37697,"4","1"
"173",1,"3*1","LASSEN PINES MUTUAL WATER CO INC",1,2.5531914893617,0.391666666666667,"CA4500210","DAVCS",600,194,13.83,40.23,"Bin A",2.28780172993023,51440.43,3,51440.43,"3","1"
"174",1,"1*1","PINON VALLEY WATER COMPANY",1,2.5531914893617,0.391666666666667,"CA1500540","DAVCS",109,38,28.99,29,"Bin A",1.57978359661681,40938,3,40938,"1","1"
"175",1,"4*1","LINNELL FARM LABOR CENTER",1,2.5531914893617,0.391666666666667,"CA5400631","DAVCS",694,195,43.76,31.1,"Bin A",2.29003461136252,41500,3,41500,"4","1"
"176",1,"1*1","CAL ORE MOBILE ESTATES",1,2.5531914893617,0.391666666666667,"CA4700546","DAVCS",146,52,32.3,33.9,"Bin A",1.7160033436348,51711,3,51711,"1","1"
"177",1,"3*1","FCSA #39 A&B",1,2.5531914893617,0.391666666666667,"CA1000471","DAVCS",395,141,55.16,32.7,"Bin A",2.14921911265538,50457.91,3,50457.91,"3","1"
"178",1,"1*1","LAS PALMAS MOBILE HOME PARK",1,2.5531914893617,0.391666666666667,"CA0800700","DAVCS",120,84,10.61,45.7,"Bin A",1.92427928606188,30901,3,30901,"1","1"
"179",1,"1*1","LLANAS CAMP FOUR WATER SYSTEM",1,2.5531914893617,0.391666666666667,"CA1502164","DAVCS",54,55,46.91,33.1,"Bin A",1.74036268949424,51568,3,51568,"1","1"
"180",1,"1*1","TUD-PEACEFUL PINES WATER SYSTEM",1,2.5531914893617,0.391666666666667,"CA5510021","DAVCS",65,33,17.81,29.8,"Bin A",1.51851393987789,62355,3,62355,"1","1"
"181",1,"1*1","BEVERLY GRAND MUTUAL WATER",1,2.5531914893617,0.391666666666667,"CA5400651","DAVCS",92,28,37.25,28.3,"Bin A",1.44715803134222,71034,3,71034,"1","1"
"182",1,"3*1","RIVER PINES PUD",1,2.5531914893617,0.391666666666667,"CA0310006","DAVCS",510,216,19.82,24.6,"Bin A",2.33445375115093,60125,3,60125,"3","1"
"183",1,"1*1","CAMDEN TRAILER PARK",1,2.5531914893617,0.391666666666667,"CA1000238","DAVCS",75,25,44.34,33.8,"Bin A",1.39794000867204,52055,3,52055,"1","1"
"184",1,"1*1","POND MUTUAL WATER COMPANY",1,2.5531914893617,0.391666666666667,"CA1502620","DAVCS",48,18,59.32,29.6,"Bin A",1.25527250510331,54004,3,54004,"1","1"
"185",1,"3*1","HARBOR VIEW MUTUAL WATER COMPANY",1,2.5531914893617,0.391666666666667,"CA1700568","DAVCS",550,246,19.54,27.6,"Bin A",2.39093510710338,52585,3,52585,"3","1"
"186",1,"1*1","NEW AUBERRY WATER ASSOCIATION",1,2.5531914893617,0.391666666666667,"CA1000063","DAVCS",120,35,10.47,28.5,"Bin A",1.54406804435028,72500,3,72500,"1","1"
"187",1,"4*1","HIGH VALLEYS WATER DISTRICT",1,2.5531914893617,0.391666666666667,"CA3301775","DAVCS",735,248,34.73,29.6,"Bin A",2.39445168082622,48009.28,3,48009.28,"4","1"
"188",1,"1*1","TENNANT C.S.D.",1,2.5531914893617,0.391666666666667,"CA4700531","DAVCS",94,97,11.62,30.8,"Bin A",1.98677173426624,40000,3,40000,"1","1"
"189",1,"4*1","DEL ORO WATER CO.-JOHNSON PARK",1,2.5531914893617,0.391666666666667,"CA4510015","DAVCS",908,277,25.72,29,"Bin A",2.44247976906445,45486,3,45486,"4","1"
"190",1,"4*1","INYO COUNTY PWD - INDEPENDENCE",1,2.5531914893617,0.391666666666667,"CA1410008","DAVCS",669,336,18.13,20.3,"Bin A",2.52633927738984,52454,3,52454,"4","1"
"191",1,"4*1","GARDEN ACRES MUTUAL WATER CO",1,2.5531914893617,0.391666666666667,"CA5602108","DAVCS",816,136,35.59,36.6,"Bin A",2.13353890837022,44500,3,44500,"4","1"
"192",1,"1*1","HUNTER VALLEY CSD",1,2.5531914893617,0.391666666666667,"CA0800557","DAVCS",96,65,16.84,38.8,"Bin A",1.81291335664286,36125,3,36125,"1","1"
"193",1,"1*1","YOKAYO TRIBE OF INDIANS",1,2.5531914893617,0.391666666666667,"CA2300837","DAVCS",75,23,18.29,34.26,"Bin A",1.36172783601759,71778.56,3,71778.56,"1","1"
"194",1,"1*1","SHASTA VIEW HEIGHTS OWNERS ASSOCIATION",1,2.5531914893617,0.391666666666667,"CA4700630","DAVCS",50,24,21.94,32.22,"Bin A",1.38021124171161,38885.75,3,38885.75,"1","1"
"195",1,"1*1","COVE MOBILE VILLA",1,2.5531914893617,0.391666666666667,"CA4700626","DAVCS",105,46,20.95,32.3,"Bin A",1.66275783168157,60609,3,60609,"1","1"
"196",1,"4*1","DORRIS, CITY OF",1,2.5531914893617,0.391666666666667,"CA4710001","DAVCS",887,420,16.18,31.1,"Bin A",2.6232492903979,34009,3,34009,"4","1"
"197",1,"4*1","PINON PINES MWC",1,2.5531914893617,0.391666666666667,"CA1510054","DAVCS",642,275,28.99,29,"Bin A",2.43933269383026,40938,3,40938,"4","1"
"198",1,"1*1","LEMON COVE WATER CO",1,2.5531914893617,0.391666666666667,"CA5400616","DAVCS",109,60,24.44,27.01,"Bin A",1.77815125038364,59434.5,3,59434.5,"1","1"
"199",1,"3*1","SUTTER CO. WWD#1 (ROBBINS)",1,2.5531914893617,0.391666666666667,"CA5100107","DAVCS",350,93,34.46,22.8,"Bin A",1.96848294855394,50761,3,50761,"3","1"
"200",1,"3*1","KRISTA MUTUAL WATER COMPANY",1,2.5531914893617,0.391666666666667,"CA1500475","DAVCS",501,179,24.36,28.8,"Bin A",2.25285303097989,53162,3,53162,"3","1"
"201",2,"10*1","MALAGA COUNTY WATER DISTRICT",2,1,1,"CA1010042","DAVCS",5979,462,79.63,32.26,"Bin A",2.66464197555613,39727.63,3,39727.63,"10","1"
"202",3,"6*1","TERRACE WATER COMPANY",3,1.9375,0.516129032258065,"CA3610048","DAVCS",2000,603,52.84,43.5,"Bin A",2.78031731214015,56778.34,3,56778.34,"6","1"
"203",3,"6*1","RICHGROVE COMMUNITY SERVICES DISTRICT",3,1.9375,0.516129032258065,"CA5410024","DAVCS",1617,524,50.49,48.48,"Bin A",2.71933128698373,30032.97,3,30032.97,"6","1"
"204",3,"6*1","BOX SPRINGS MUTUAL WC",3,1.9375,0.516129032258065,"CA3310004","DAVCS",2100,629,65.47,46.46,"Bin A",2.79865064544527,38689.66,3,38689.66,"6","1"
"205",3,"6*1","LONDON COMMUNITY SERV DIST",3,1.9375,0.516129032258065,"CA5410017","DAVCS",2138,320,52.59,32.5,"Bin A",2.50514997831991,36042,3,36042,"6","1"
"206",3,"11*1","HURON, CITY OF",3,1.9375,0.516129032258065,"CA1010044","DAVCS",7306,876,39.91,30.94,"Bin A",2.94250410616808,31666.04,3,31666.04,"11","1"
"207",3,"6*1","WESTWOOD C.S.D.",3,1.9375,0.516129032258065,"CA1810002","DAVCS",1662,948,17.02,35.8,"Bin A",2.97680833733807,53000,3,53000,"6","1"
"208",3,"6*1","GARBERVILLE SANITARY DISTRICT",3,1.9375,0.516129032258065,"CA1210008","DAVCS",1500,442,10.08,19.6,"Bin A",2.64542226934909,60351,3,60351,"6","1"
"209",3,"6*1","INYO COUNTY PWD - LONE PINE",3,1.9375,0.516129032258065,"CA1410009","DAVCS",2035,503,29.31,30.6,"Bin A",2.70156798505593,40150,3,40150,"6","1"
"210",3,"11*1","TRACT 349 MUTUAL WATER CO.",3,1.9375,0.516129032258065,"CA1910160","DAVCS",7500,919,51.66,32.73,"Bin A",2.96331551138611,44578.14,3,44578.14,"11","1"
"211",3,"6*1","REDWAY C.S.D.",3,1.9375,0.516129032258065,"CA1210011","DAVCS",1500,687,10.08,19.6,"Bin A",2.83695673705955,60351,3,60351,"6","1"
"212",3,"6*1","COBB AREA COUNTY WATER DISTRICT",3,1.9375,0.516129032258065,"CA1710012","DAVCS",2013,622,11.46,37.8,"Bin A",2.79379038469082,63875,3,63875,"6","1"
"213",3,"6*1","SHASTA C.S.D.",3,1.9375,0.516129032258065,"CA4510013","DAVCS",1584,480,16.09,30.62,"Bin A",2.68124123737559,61633.71,3,61633.71,"6","1"
"214",3,"6*1","STRATHMORE PUBLIC UTIL DIST",3,1.9375,0.516129032258065,"CA5410012","DAVCS",2150,471,47.4,37,"Bin A",2.6730209071289,40020,3,40020,"6","1"
"215",3,"6*1","LATON COMMUNITY SERVICES DISTRICT",3,1.9375,0.516129032258065,"CA1010020","DAVCS",1824,470,40.42,28.18,"Bin A",2.67209785793572,42142.45,3,42142.45,"6","1"
"216",3,"6*1","MONTAGUE, CITY OF",3,1.9375,0.516129032258065,"CA4710007","DAVCS",1495,503,23.32,29.67,"Bin A",2.70156798505593,48619.33,3,48619.33,"6","1"
"217",3,"6*1","SEELEY CWD",3,1.9375,0.516129032258065,"CA1310013","DAVCS",2124,449,48.09,40.6,"Bin A",2.65224634100332,34875,3,34875,"6","1"
"218",4,"5*1","RIVERSIDE CSA #122-MESA VERDE",4,2.375,0.421052631578947,"CA3310028","DAVCS",1000,315,32.49,31,"Bin A",2.4983105537896,36810,3,36810,"5","1"
"219",4,"2*1","DOWNIEVILLE PUBLIC U.D.",4,2.375,0.421052631578947,"CA4610002","DAVCS",282,230,19.97,32.2,"Bin A",2.36172783601759,48125,3,48125,"2","1"
"220",4,"2*1","SIERRAVILLE P.U.D.",4,2.375,0.421052631578947,"CA4600018","DAVCS",200,111,19.97,32.2,"Bin A",2.04532297878666,48125,3,48125,"2","1"
"221",4,"2*1","EASTON ESTATES WATER COMPANY",4,2.375,0.421052631578947,"CA1000018","DAVCS",302,107,65.35,31.3,"Bin A",2.02938377768521,49730,3,49730,"2","1"
"222",4,"2*1","FCSA #30/EL PORVENIR",4,2.375,0.421052631578947,"CA1000019","DAVCS",185,56,56.67,30.14,"Bin A",1.7481880270062,33821.39,3,33821.39,"2","1"
"223",4,"5*1","SHASTA CSA - JONES VALLEY, #6",4,2.375,0.421052631578947,"CA4510004","DAVCS",1119,459,8.7,23.39,"Bin A",2.66181268553726,66310.33,3,66310.33,"5","1"
"224",4,"2*1","COBB AREA CWD - STARVIEW",4,2.375,0.421052631578947,"CA1700574","DAVCS",247,75,11.53,37.61,"Bin A",1.8750612633917,63541.99,3,63541.99,"2","1"
"225",4,"5*1","LAKE OF THE WOODS MWC",4,2.375,0.421052631578947,"CA1510023","DAVCS",1103,401,9.99,42.58,"Bin A",2.60314437262018,33991.33,3,33991.33,"5","1"
"226",4,"5*1","LEBEC COUNTY WATER DISTRICT",4,2.375,0.421052631578947,"CA1510051","DAVCS",1379,303,24.53,28.74,"Bin A",2.4814426285023,53278.13,3,53278.13,"5","1"
"227",4,"2*1","SIERRA PARK WATER COMPANY, INC.",4,2.375,0.421052631578947,"CA5510016","DAVCS",300,345,17.81,29.8,"Bin A",2.53781909507327,62355,3,62355,"2","1"
"228",4,"2*1","R.R. LEWIS SMALL WC",4,2.375,0.421052631578947,"CA4600017","DAVCS",324,123,19.97,32.2,"Bin A",2.0899051114394,48125,3,48125,"2","1"
"229",4,"2*1","CAL AM - RAYMOND",4,2.375,0.421052631578947,"CA2010012","DAVCS",307,93,12.85,28.3,"Bin A",1.96848294855394,54211,3,54211,"2","1"
"230",4,"2*1","CALIFORNIA PINES C.S.D.",4,2.375,0.421052631578947,"CA2500503","DAVCS",300,168,19.68,21.09,"Bin A",2.22530928172586,51244.59,3,51244.59,"2","1"
"231",4,"2*1","GRIZZLY LAKE CSD-CROCKER/WELCH",4,2.375,0.421052631578947,"CA3200107","DAVCS",215,70,20.01,35.9,"Bin A",1.84509804001426,53958,3,53958,"2","1"
"232",4,"2*1","SISKIYOU CO. ROLLING HILLS MWC",4,2.375,0.421052631578947,"CA4700528","DAVCS",300,95,22.18,32.2,"Bin A",1.97772360528885,33750,3,33750,"2","1"
"233",4,"5*1","CAL AM - GOLDSIDE",4,2.375,0.421052631578947,"CA2010014","DAVCS",1026,311,14.56,24.87,"Bin A",2.49276038902684,57818.91,3,57818.91,"5","1"
"234",4,"9*2","AMERICAN VALLEY CSD",4,2.375,0.421052631578947,"CA3210004","DAVCS",4300,1594,16.82,28.3,"Bin B",3.20248831706009,48272,3,48272,"9","2"
"235",4,"5*1","APPLE VALLEY RANCHOS WATER CO - YERMO",4,2.375,0.421052631578947,"CA3610118","DAVCS",1033,313,31.61,24.2,"Bin A",2.49554433754645,67133,3,67133,"5","1"
"236",4,"2*1","VOLTA COMMUNITY SD",4,2.375,0.421052631578947,"CA2400201","DAVCS",200,44,55.12,22.4,"Bin A",1.64345267648619,53058,3,53058,"2","1"
"237",4,"5*1","LAKE COUNTY CSA 2 - SPRING VALLEY",4,2.375,0.421052631578947,"CA1710018","DAVCS",995,495,17.43,33.93,"Bin A",2.69460519893357,42806.05,3,42806.05,"5","1"
"238",4,"2*1","HORNBROOK C.S.D.",4,2.375,0.421052631578947,"CA4700513","DAVCS",280,147,18.71,41.3,"Bin A",2.16731733474818,31731,3,31731,"2","1"
"239",4,"2*1","SHASTA CSA - SUGARLOAF, #2",4,2.375,0.421052631578947,"CA4500006","DAVCS",160,61,13.14,37.1,"Bin A",1.78532983501077,45078,3,45078,"2","1"
"240",4,"2*1","PALMER CREEK CSD",4,2.375,0.421052631578947,"CA1206004","DAVCS",320,131,27.55,31.8,"Bin A",2.11727129565576,46250,3,46250,"2","1"
"241",4,"5*1","CALLAYOMI COUNTY WATER DISTRICT",4,2.375,0.421052631578947,"CA1710013","DAVCS",1317,449,12.32,35.4,"Bin A",2.65224634100332,59745,3,59745,"5","1"
"242",5,"7*1","PALO ALTO PARK MUTUAL WATER COMPANY",5,2.28571428571429,0.4375,"CA4110020","DAVCS",2500,692,43.24,40.13,"Bin A",2.84010609445676,69741.52,3,69741.52,"7","1"
"243",5,"7*1","CARUTHERS COMM SERV DIST",5,2.28571428571429,0.4375,"CA1010039","DAVCS",2503,696,47.9,37.4,"Bin A",2.84260923961056,43036,3,43036,"7","1"
"244",5,"7*1","BORON CSD",5,2.28571428571429,0.4375,"CA1510002","DAVCS",2253,613,25.76,24,"Bin A",2.78746047451842,48011,3,48011,"7","1"
"245",5,"7*1","MOUNTAIN GATE C.S.D.",5,2.28571428571429,0.4375,"CA4510002","DAVCS",2227,666,10.98,34.64,"Bin A",2.8234742291703,42124.91,3,42124.91,"7","1"
"246",5,"7*1","LOCKEFORD COMMUNITY SERV. DIST.",5,2.28571428571429,0.4375,"CA3910008","DAVCS",2500,837,23.08,49.7,"Bin A",2.92272545799326,57872.05,3,57872.05,"7","1"
"247",5,"7*1","CAL-WATER SERVICE CO.-HAMILTON CITY",5,2.28571428571429,0.4375,"CA1110002","DAVCS",2607,634,21.74,25.7,"Bin A",2.80208925788173,46008,3,46008,"7","1"
"248",5,"7*1","TIPTON COMMUNITY SERVICES DIST",5,2.28571428571429,0.4375,"CA5410014","DAVCS",2543,599,44.87,33,"Bin A",2.77742682238931,33698,3,33698,"7","1"
"249",1,"1*1","RIVER RETREAT MUTUAL",1,8.97701149425287,0.111395646606914,"CA5400556","SC",53,25,23.06,30.9,"Bin A",1.39794000867204,71823,4,71823,"1","1"
"250",1,"1*1","DEL ORO WATER COMPANY - BUZZTAIL DIST.",1,8.97701149425287,0.111395646606914,"CA0400091","SC",86,26,13.45,32,"Bin A",1.41497334797082,84286,4,84286,"1","1"
"251",1,"1*1","MARKLEEVILLE WATER CO.",1,8.97701149425287,0.111395646606914,"CA0202504","SC",25,167,11.34,15,"Bin A",2.22271647114758,64688,4,64688,"1","1"
"252",1,"1*1","LASSEN VNP - HEADQUARTERS",1,8.97701149425287,0.111395646606914,"CA5210503","SC",69,45,25.73,31.6,"Bin A",1.65321251377534,46371,4,46371,"1","1"
"253",1,"1*1","GLEANINGS FOR THE HUNGRY",1,8.97701149425287,0.111395646606914,"CA5402047","SC",31,12,39.84,28.86,"Bin A",1.07918124604762,53528.28,4,53528.28,"1","1"
"254",1,"1*1","RANDAL'S RANCHETTE MUTUAL WATER COMPANY",1,8.97701149425287,0.111395646606914,"CA4900599","SC",100,30,6.4,33.8,"Bin A",1.47712125471966,112719,4,112719,"1","1"
"255",1,"1*1","PIER 1900 HOMEOWNER S ASSOCIATION",1,8.97701149425287,0.111395646606914,"CA1700630","SC",51,51,21.68,29.9,"Bin A",1.70757017609794,45323,4,45323,"1","1"
"256",1,"1*1","BLUE SKIES TRAILOR PARK",1,8.97701149425287,0.111395646606914,"CA1900055","SC",40,20,16.38,33.2,"Bin A",1.30102999566398,50732,4,50732,"1","1"
"257",1,"1*1","OASIS PROPERTY OWNERS ASSOCIATION",1,8.97701149425287,0.111395646606914,"CA1500585","SC",100,39,65.67,36.5,"Bin A",1.5910646070265,42518,4,42518,"1","1"
"258",1,"1*1","TWIN CYPRESS MOBILE HOME PARK",1,8.97701149425287,0.111395646606914,"CA5000071","SC",112,45,27.65,21.9,"Bin A",1.65321251377534,90500,4,90500,"1","1"
"259",1,"1*1","CRESCENT BAY IMPROVEMENT COMPANY",1,8.97701149425287,0.111395646606914,"CA1700519","SC",27,24,19.54,27.6,"Bin A",1.38021124171161,52585,4,52585,"1","1"
"260",1,"1*1","IMPERIAL LAKES INC.",1,8.97701149425287,0.111395646606914,"CA1300628","SC",40,20,34.19,18.4,"Bin A",1.30102999566398,50208,4,50208,"1","1"
"261",1,"1*1","RAU DAIRY",1,8.97701149425287,0.111395646606914,"CA1009120","SC",75,43,45.49,33.5,"Bin A",1.63346845557959,42714,4,42714,"1","1"
"262",1,"1*1","PAR COUNTRY ESTATES CSA-16",1,8.97701149425287,0.111395646606914,"CA3901172","SC",120,51,24.43,30.2,"Bin A",1.70757017609794,110326,4,110326,"1","1"
"263",1,"1*1","DESERT VIEW TRAILER PARK",1,8.97701149425287,0.111395646606914,"CA3301209","SC",60,22,36.08,42.9,"Bin A",1.34242268082221,28395,4,28395,"1","1"
"264",1,"1*1","EDGEWATER MOBILE HOME PARK",1,8.97701149425287,0.111395646606914,"CA3400433","SC",40,22,31.02,45.9,"Bin A",1.34242268082221,36420,4,36420,"1","1"
"265",1,"1*1","HI DESERT MWC",1,8.97701149425287,0.111395646606914,"CA3600123","SC",112,32,37.08,32,"Bin A",1.50514997831991,51635,4,51635,"1","1"
"266",1,"1*1","TIERRA MEADOWS HOA WS",1,8.97701149425287,0.111395646606914,"CA2701367","SC",63,21,3.29,26.7,"Bin A",1.32221929473392,119659,4,119659,"1","1"
"267",1,"1*1","GOLDEN HILLS MUTUAL WATER CO",1,8.97701149425287,0.111395646606914,"CA3100528","SC",84,32,7.27,33.8,"Bin A",1.50514997831991,107092,4,107092,"1","1"
"268",1,"1*1","COMSTOCK MUTUAL WATER COMPANY",1,8.97701149425287,0.111395646606914,"CA3500912","SC",100,33,31.88,25.8,"Bin A",1.51851393987789,83707,4,83707,"1","1"
"269",1,"1*1","EL RIO MOBILE HOME PARK",1,8.97701149425287,0.111395646606914,"CA3900569","SC",60,28,59.22,36,"Bin A",1.44715803134222,36373,4,36373,"1","1"
"270",1,"1*1","HIDDEN MEADOW MUTUAL WATER CO",1,8.97701149425287,0.111395646606914,"CA4400645","SC",45,16,6.98,38.6,"Bin A",1.20411998265592,98602.12,4,98602.12,"1","1"
"271",1,"1*1","BURLANDO HEIGHTS MUTUAL WATER CO.",1,8.97701149425287,0.111395646606914,"CA1500336","SC",45,42,33.01,30,"Bin A",1.6232492903979,33171,4,33171,"1","1"
"272",1,"1*1","LIBERTY PARK WATER ASSOCIATION",1,8.97701149425287,0.111395646606914,"CA3000618","SC",69,21,40.32,43.7,"Bin A",1.32221929473392,48864,4,48864,"1","1"
"273",1,"1*1","PLAZA MOBILE HOME PARK",1,8.97701149425287,0.111395646606914,"CA4900787","SC",125,71,28.07,37.2,"Bin A",1.85125834871908,44167,4,44167,"1","1"
"274",1,"1*1","CORDA RD WS",1,8.97701149425287,0.111395646606914,"CA2701820","SC",60,19,26.19,30.3,"Bin A",1.27875360095283,44758,4,44758,"1","1"
"275",1,"1*1","TOWN & COUNTRY WATER COMPANY",1,8.97701149425287,0.111395646606914,"CA1502663","SC",73,22,15.97,26.8,"Bin A",1.34242268082221,112539,4,112539,"1","1"
"276",1,"1*1","SWEET WATER CO-OP",1,8.97701149425287,0.111395646606914,"CA1500591","SC",47,15,18.96,36.2,"Bin A",1.17609125905568,69767,4,69767,"1","1"
"277",1,"1*1","ALLAN LANE WATER ASSOCIATION",1,8.97701149425287,0.111395646606914,"CA4400692","SC",54,16,10.53,28.1,"Bin A",1.20411998265592,111481,4,111481,"1","1"
"278",1,"1*1","BUTTE CITY COMMUNITY S.D.",1,8.97701149425287,0.111395646606914,"CA1100711","SC",75,48,13.33,17.3,"Bin A",1.68124123737559,58235,4,58235,"1","1"
"279",1,"1*1","BRADLEY-LOCKWOOD RD WS",1,8.97701149425287,0.111395646606914,"CA2701701","SC",39,16,22,26.6,"Bin A",1.20411998265592,55262,4,55262,"1","1"
"280",1,"1*1","LIVE OAK ACRES MWC INC.",1,8.97701149425287,0.111395646606914,"CA5200535","SC",80,40,22.23,44.4,"Bin A",1.60205999132796,41596,4,41596,"1","1"
"281",1,"1*1","VACA VILLA APARTMENTS",1,8.97701149425287,0.111395646606914,"CA4800531","SC",60,40,22.96,31.9,"Bin A",1.60205999132796,77824,4,77824,"1","1"
"282",1,"1*1","MAGIC MOUNTAIN MUTUAL WATER COMPANY",1,8.97701149425287,0.111395646606914,"CA4900637","SC",100,67,6.7,34.2,"Bin A",1.82607480270083,62083,4,62083,"1","1"
"283",1,"1*1","BONADELLE RANCHOS MUTUAL WATER",1,8.97701149425287,0.111395646606914,"CA2000529","SC",50,23,39.04,30.4,"Bin A",1.36172783601759,63244,4,63244,"1","1"
"284",1,"1*1","SISKIYOU LAKE HIGHLANDS MWC",1,8.97701149425287,0.111395646606914,"CA4700880","SC",100,78,12.21,35.8,"Bin A",1.89209460269048,47982,4,47982,"1","1"
"285",1,"1*1","MISSION FARM R.V. PARK",1,8.97701149425287,0.111395646606914,"CA3500556","SC",110,173,27.24,40,"Bin A",2.2380461031288,79063,4,79063,"1","1"
"286",1,"1*1","MORNINGSIDE MOBILEHOME PARK",1,8.97701149425287,0.111395646606914,"CA5000054","SC",67,49,33.16,34.7,"Bin A",1.69019608002851,63036,4,63036,"1","1"
"287",1,"1*1","VAN LOON WATER ASSOCIATION",1,8.97701149425287,0.111395646606914,"CA1400518","SC",30,15,11.68,19.9,"Bin A",1.17609125905568,55703,4,55703,"1","1"
"288",1,"1*1","HEATH BRIMHALL P.O.A.",1,8.97701149425287,0.111395646606914,"CA1502629","SC",31,14,17.19,22.5,"Bin A",1.14612803567824,103259,4,103259,"1","1"
"289",1,"1*1","IONE BAND OF MIWOK INDIANS",1,8.97701149425287,0.111395646606914,"CA0300078","SC",62,20,26.92,29.3,"Bin A",1.30102999566398,66828,4,66828,"1","1"
"290",1,"1*1","CHERRY LANE TRAILER PARK",1,8.97701149425287,0.111395646606914,"CA3900983","SC",100,43,19.91,24.1,"Bin A",1.63346845557959,47500,4,47500,"1","1"
"291",1,"1*1","BRIDGEHAVEN PARK",1,8.97701149425287,0.111395646606914,"CA4900644","SC",70,31,6.7,34.2,"Bin A",1.49136169383427,62083,4,62083,"1","1"
"292",1,"1*1","MOUNTAIN VIEW DUPLEXES",1,8.97701149425287,0.111395646606914,"CA5400604","SC",103,14,42.12,42.7,"Bin A",1.14612803567824,34657,4,34657,"1","1"
"293",1,"1*1","LAKE VIEW MUTUAL WATER CO.",1,8.97701149425287,0.111395646606914,"CA2300606","SC",90,29,9.1,44,"Bin A",1.46239799789896,59720,4,59720,"1","1"
"294",1,"1*1","CAMP NELSON WATER COMPANY",1,8.97701149425287,0.111395646606914,"CA5410022","SC",107,300,22.38,38.4,"Bin A",2.47712125471966,42775,4,42775,"1","1"
"295",1,"1*1","BOULEVARD HEIGHTS MUTUAL WATER",1,8.97701149425287,0.111395646606914,"CA4901071","SC",60,18,17.76,30.9,"Bin A",1.25527250510331,85566,4,85566,"1","1"
"296",1,"1*1","CLIO PUBLIC UTILITY DISTRICT",1,8.97701149425287,0.111395646606914,"CA3200509","SC",79,47,9.27,32.8,"Bin A",1.67209785793572,74250,4,74250,"1","1"
"297",1,"1*1","FRCCSD HOT SPRINGS",1,8.97701149425287,0.111395646606914,"CA3200155","SC",25,17,10.27,29.6,"Bin A",1.23044892137827,42455,4,42455,"1","1"
"298",1,"1*1","HAVEN ACRES RIVER CLUB INC",1,8.97701149425287,0.111395646606914,"CA3900813","SC",100,51,71.3,29.3,"Bin A",1.70757017609794,90164,4,90164,"1","1"
"299",1,"1*1","CASCADE RACQUET CLUB MUTUAL WATER",1,8.97701149425287,0.111395646606914,"CA4500012","SC",89,27,8.25,24.1,"Bin A",1.43136376415899,75938,4,75938,"1","1"
"300",1,"1*1","CORTLAND PINES MUTUAL WATER CO",1,8.97701149425287,0.111395646606914,"CA4500009","SC",92,33,15.18,35.77,"Bin A",1.51851393987789,48656.19,4,48656.19,"1","1"
"301",1,"1*1","WHISPERING PINES MHP",1,8.97701149425287,0.111395646606914,"CA2000605","SC",31,18,14.89,25,"Bin A",1.25527250510331,54514,4,54514,"1","1"
"302",1,"1*1","NORTH LONE PINE MUTUAL WATER COMPANY",1,8.97701149425287,0.111395646606914,"CA1400072","SC",70,33,29.31,30.6,"Bin A",1.51851393987789,40150,4,40150,"1","1"
"303",1,"1*1","CALISTOGA FARM WORKER CENTER",1,8.97701149425287,0.111395646606914,"CA2800039","SC",63,3,10,28.6,"Bin A",0.477121254719662,105278,4,105278,"1","1"
"304",1,"1*1","EMIGRANT GAP MUTUAL WATER CO.",1,8.97701149425287,0.111395646606914,"CA3103310","SC",125,43,11.77,41,"Bin A",1.63346845557959,64554,4,64554,"1","1"
"305",1,"1*1","PIEDRA PARK ASSOCIATION",1,8.97701149425287,0.111395646606914,"CA1000405","SC",25,15,10.25,21.2,"Bin A",1.17609125905568,102431,4,102431,"1","1"
"306",1,"1*1","GOLD RUSH MOBILE HOME PARK",1,8.97701149425287,0.111395646606914,"CA5500128","SC",67,53,26.96,34.6,"Bin A",1.72427586960079,38750,4,38750,"1","1"
"307",1,"1*1","SAN JUAN VISTA",1,8.97701149425287,0.111395646606914,"CA3901215","SC",100,73,56.63,38.4,"Bin A",1.86332286012046,38202,4,38202,"1","1"
"308",1,"1*1","SUNRISE SHORE MUTUAL WATER COMPANY",1,8.97701149425287,0.111395646606914,"CA1700536","SC",118,42,19.54,27.6,"Bin A",1.6232492903979,52585,4,52585,"1","1"
"309",1,"1*1","MCCAIN VALLEY CC #21",1,8.97701149425287,0.111395646606914,"CA3710801","SC",130,3,27.75,37.8,"Bin A",0.477121254719662,49231,4,49231,"1","1"
"310",1,"1*1","MAURLAND MANOR WATER SYSTEM",1,8.97701149425287,0.111395646606914,"CA3900543","SC",110,28,46.4,28.1,"Bin A",1.44715803134222,95890,4,95890,"1","1"
"311",1,"1*1","DEL ORO EAST PLANO DISTRICT",1,8.97701149425287,0.111395646606914,"CA5400767","SC",46,14,57.84,35.5,"Bin A",1.14612803567824,42532,4,42532,"1","1"
"312",1,"1*1","SAN AUGUSTINE MWC",1,8.97701149425287,0.111395646606914,"CA4200714","SC",43,23,16.26,33.1,"Bin A",1.36172783601759,77197,4,77197,"1","1"
"313",1,"1*1","WILSON ROAD WATER COMMUNITY",1,8.97701149425287,0.111395646606914,"CA1500494","SC",66,20,43.17,31.8,"Bin A",1.30102999566398,61333,4,61333,"1","1"
"314",1,"1*1","NPS - DEATH VALLEY, COW CREEK/NEVARES",1,8.97701149425287,0.111395646606914,"CA1410503","SC",88,61,29.31,30.6,"Bin A",1.78532983501077,40150,4,40150,"1","1"
"315",1,"1*1","MIRA MONTE WATER CO.",1,8.97701149425287,0.111395646606914,"CA5200560","SC",142,41,25,32.1,"Bin A",1.61278385671974,49241,4,49241,"1","1"
"316",1,"1*1","MODERN VILLAGE MWC",1,8.97701149425287,0.111395646606914,"CA5200545","SC",85,34,25.64,40.6,"Bin A",1.53147891704226,38474,4,38474,"1","1"
"317",1,"1*1","ROYAL OAK PLACE WS",1,8.97701149425287,0.111395646606914,"CA2702388","SC",60,20,14.13,31.4,"Bin A",1.30102999566398,82350,4,82350,"1","1"
"318",1,"1*1","HART FLAT BEAR MUTUAL WATER",1,8.97701149425287,0.111395646606914,"CA1500556","SC",56,28,21.51,22.5,"Bin A",1.44715803134222,79279,4,79279,"1","1"
"319",1,"1*1","LILI VALLEY WATER CO.",1,8.97701149425287,0.111395646606914,"CA0500027","SC",99,70,12.27,36.8,"Bin A",1.84509804001426,35517,4,35517,"1","1"
"320",1,"1*1","NORTH SHORE ESTATES WS",1,8.97701149425287,0.111395646606914,"CA2702256","SC",60,33,22,26.6,"Bin A",1.51851393987789,55262,4,55262,"1","1"
"321",1,"1*1","HUCKLEBERRY MUTUAL WATER COMPANY",1,8.97701149425287,0.111395646606914,"CA4900634","SC",45,29,6.7,34.2,"Bin A",1.46239799789896,62083,4,62083,"1","1"
"322",1,"1*1","WESTERNER MOBILE HOME PARK",1,8.97701149425287,0.111395646606914,"CA3400331","SC",65,49,31.4,35.3,"Bin A",1.69019608002851,62319,4,62319,"1","1"
"323",1,"1*1","GOLD COUNTRY HOME PARK - WATER SYSTEM",1,8.97701149425287,0.111395646606914,"CA2900529","SC",60,27,17.09,34.3,"Bin A",1.43136376415899,47609,4,47609,"1","1"
"324",1,"1*1","FARRAR PARK PROPERTY OWNERS",1,8.97701149425287,0.111395646606914,"CA0706005","SC",140,56,30.02,37.3,"Bin A",1.7481880270062,75607,4,75607,"1","1"
"325",1,"1*1","CITY OF MODESTO - NORTH TURLOCK",1,8.97701149425287,0.111395646606914,"CA5010034","SC",145,52,24.41,30.1,"Bin A",1.7160033436348,67227.17,4,67227.17,"1","1"
"326",1,"1*1","BROOKSIDE MHP",1,8.97701149425287,0.111395646606914,"CA3600385","SC",65,19,26.86,26.1,"Bin A",1.27875360095283,58728,4,58728,"1","1"
"327",1,"1*1","BRANSCOMB MUTUAL WATER COMPANY",1,8.97701149425287,0.111395646606914,"CA2300663","SC",42,15,16.18,36.2,"Bin A",1.17609125905568,39028,4,39028,"1","1"
"328",1,"1*1","SUNRISE MOUNTAIN MUTUAL WATER COMPANY",1,8.97701149425287,0.111395646606914,"CA4900641","SC",100,51,6.71,34.26,"Bin A",1.70757017609794,62060.82,4,62060.82,"1","1"
"329",1,"1*1","SIERRA EAST HOA",1,8.97701149425287,0.111395646606914,"CA2600622","SC",84,30,13.8,22.7,"Bin A",1.47712125471966,54559,4,54559,"1","1"
"330",1,"1*1","LINDA VISTA MUTUAL WATER CO",1,8.97701149425287,0.111395646606914,"CA2800528","SC",50,15,11.21,25.6,"Bin A",1.17609125905568,92452,4,92452,"1","1"
"331",1,"1*1","WESTLEY CSD",1,8.97701149425287,0.111395646606914,"CA5000408","SC",70,35,47.34,30.2,"Bin A",1.54406804435028,63259,4,63259,"1","1"
"332",1,"1*1","NAPLES",1,8.97701149425287,0.111395646606914,"CA4200721","SC",67,23,14.85,23.3,"Bin A",1.36172783601759,104732,4,104732,"1","1"
"333",1,"1*1","NEW HOPE LANDING GENERAL STORE",1,8.97701149425287,0.111395646606914,"CA3900664","SC",125,44,33.21,39.2,"Bin A",1.64345267648619,44938,4,44938,"1","1"
"334",1,"1*1","REESEDALE MUTUAL",1,8.97701149425287,0.111395646606914,"CA1900145","SC",76,23,22.77,27.3,"Bin A",1.36172783601759,44643,4,44643,"1","1"
"335",1,"1*1","BEND MOBILEHOME & RV PARK",1,8.97701149425287,0.111395646606914,"CA5200512","SC",99,42,24.4,28.4,"Bin A",1.6232492903979,63833,4,63833,"1","1"
"336",2,"9*1","SAN JOAQUIN, CITY OF",2,9,0.111111111111111,"CA1010034","SC",4060,730,48.18,30.5,"Bin A",2.86332286012046,35368,4,35368,"9","1"
"337",2,"9*1","ATASCADERO STATE HOSPITAL",2,9,0.111111111111111,"CA4010832","SC",4128,875,NA,24,"Bin A",2.94200805302231,42986,4,42986,"9","1"
"338",2,"8*1","AMARILLO MUTUAL WATER COMPANY",2,9,0.111111111111111,"CA1910002","SC",3134,627,47.98,35.74,"Bin A",2.79726754083072,60074.35,4,60074.35,"8","1"
"339",3,"6*1","CRESTVIEW MUTUAL WATER CO",3,8.71428571428571,0.114754098360656,"CA5610058","SC",2040,620,21.1,24.06,"Bin A",2.79239168949825,123614.36,4,123614.36,"6","1"
"340",3,"6*1","WARRING WATER SERVICE INC",3,8.71428571428571,0.114754098360656,"CA5610021","SC",2100,562,33.16,30,"Bin A",2.74973631556906,52250,4,52250,"6","1"
"341",3,"6*1","NAVAL BASE VENTURA COUNTY, POINT MUGU",3,8.71428571428571,0.114754098360656,"CA5610700","SC",1566,928,38.88,32.54,"Bin A",2.96754797621886,77501.64,4,77501.64,"6","1"
"342",3,"6*1","GOLDEN STATE WATER COMPANY - TANGLEWOOD",3,8.71428571428571,0.114754098360656,"CA4210021","SC",1958,451,21.56,28.3,"Bin A",2.65417654187796,74468,4,74468,"6","1"
"343",3,"6*1","LAKE ELIZABETH MUTUAL WATER CO.",3,8.71428571428571,0.114754098360656,"CA1910056","SC",1790,724,7.62,29.73,"Bin A",2.85973856619715,101695.88,4,101695.88,"6","1"
"344",3,"6*1","DEL ORO WATER CO-FERNDALE",3,8.71428571428571,0.114754098360656,"CA1210007","SC",1998,747,16.04,33.5,"Bin A",2.8733206018154,50594,4,50594,"6","1"
"345",3,"6*1","LOS ALAMOS COMMUNITY SERVICES DISTRICT",3,8.71428571428571,0.114754098360656,"CA4210002","SC",1800,613,15.18,26.88,"Bin A",2.78746047451842,83668.82,4,83668.82,"6","1"
"346",4,"3*1","GREEN RIVER MUTUAL WATER CO.",4,7.53571428571429,0.132701421800948,"CA4000554","SC",350,115,18.45,35.9,"Bin A",2.06069784035361,82475,4,82475,"3","1"
"347",4,"7*1","TREASURE ISLAND",4,7.53571428571429,0.132701421800948,"CA3810702","SC",2400,267,49.09,29.7,"Bin A",2.42651126136458,59063,4,59063,"7","1"
"348",4,"3*1","PARADISE RANCH MHP",4,7.53571428571429,0.132701421800948,"CA1910099","SC",345,95,23.89,37.1,"Bin A",1.97772360528885,80135,4,80135,"3","1"
"349",4,"3*1","WILLOW MOBILE HOME PARK",4,7.53571428571429,0.132701421800948,"CA0707613","SC",350,173,30.02,37.3,"Bin A",2.2380461031288,75607,4,75607,"3","1"
"350",4,"3*1","ALLIANCE REDWOODS CONFERENCE GROUNDS",4,7.53571428571429,0.132701421800948,"CA4900943","SC",418,73,8.85,38.44,"Bin A",1.86332286012046,72306.44,4,72306.44,"3","1"
"351",4,"3*1","LEISURE PINES MUTUAL WATER CO",4,7.53571428571429,0.132701421800948,"CA5500053","SC",340,103,17.81,29.8,"Bin A",2.01283722470517,62355,4,62355,"3","1"
"352",4,"3*1","MESA DUNES MOBILE HOME ESTATES",4,7.53571428571429,0.132701421800948,"CA4000650","SC",600,304,14.06,30.5,"Bin A",2.48287358360875,84438,4,84438,"3","1"
"353",4,"3*1","ANTELOPE PARK MUTUAL WATER COMPANY",4,7.53571428571429,0.132701421800948,"CA1900794","SC",445,152,29.47,33.94,"Bin A",2.18184358794477,46155.51,4,46155.51,"3","1"
"354",4,"3*1","FOREST PARK MWC",4,7.53571428571429,0.132701421800948,"CA3600107","SC",415,93,23.93,32.9,"Bin A",1.96848294855394,55060,4,55060,"3","1"
"355",4,"7*1","NPS-ASH MOUNTAIN",4,7.53571428571429,0.132701421800948,"CA5410513","SC",2930,45,23.06,30.9,"Bin A",1.65321251377534,71823,4,71823,"7","1"
"356",4,"3*1","DUCOR CSD",4,7.53571428571429,0.132701421800948,"CA5400542","SC",535,162,43.66,49.9,"Bin A",2.20951501454263,33000,4,33000,"3","1"
"357",4,"3*1","LAKE MORENA VIEWS MWC",4,7.53571428571429,0.132701421800948,"CA3700924","SC",360,120,27.75,37.8,"Bin A",2.07918124604762,49231,4,49231,"3","1"
"358",4,"3*1","JUNIPER RIVIERA CWD",4,7.53571428571429,0.132701421800948,"CA3600222","SC",441,250,23.45,35.78,"Bin A",2.39794000867204,48656.9,4,48656.9,"3","1"
"359",4,"7*1","CEDARPINES PARK MWC",4,7.53571428571429,0.132701421800948,"CA3610011","SC",2511,771,41.27,35.8,"Bin A",2.88705437805096,53424,4,53424,"7","1"
"360",4,"3*1","CIRCLE OAKS WATER DISTRICT",4,7.53571428571429,0.132701421800948,"CA2800521","SC",500,190,12.04,30.9,"Bin A",2.27875360095283,149612,4,149612,"3","1"
"361",4,"3*1","TRAILER HAVEN MOBILE HOME PARK",4,7.53571428571429,0.132701421800948,"CA0103041","SC",459,191,27.27,33.8,"Bin A",2.28103336724773,51295,4,51295,"3","1"
"362",4,"3*1","CALIFORNIAN MOBILE HOME PARK",4,7.53571428571429,0.132701421800948,"CA1900843","SC",372,133,25.27,40.1,"Bin A",2.12385164096709,40238,4,40238,"3","1"
"363",4,"3*1","DEFENSE DISTRIB. DEPOT, SHARPE SITE",4,7.53571428571429,0.132701421800948,"CA3910701","SC",500,70,68.76,28.51,"Bin A",1.84509804001426,89622.91,4,89622.91,"3","1"
"364",4,"3*1","CEDARVILLE COUNTY WATER DIST.",4,7.53571428571429,0.132701421800948,"CA2510002","SC",500,290,10.11,15.6,"Bin A",2.46239799789896,43824,4,43824,"3","1"
"365",4,"3*1","RINCON VALLEY MOBILE ESTATES",4,7.53571428571429,0.132701421800948,"CA4900600","SC",460,230,5.33,38.8,"Bin A",2.36172783601759,57396,4,57396,"3","1"
"366",4,"3*1","WILLOWSIDE MUTUAL WATER COMPANY",4,7.53571428571429,0.132701421800948,"CA4900561","SC",350,160,25.58,40.8,"Bin A",2.20411998265592,96362,4,96362,"3","1"
"367",4,"7*1","PLACER CWA - COLFAX",4,7.53571428571429,0.132701421800948,"CA3110006","SC",2987,899,8.68,32.86,"Bin A",2.95375969173323,62751.98,4,62751.98,"7","1"
"368",4,"3*1","BLYTHE - HIDDEN BEACHES",4,7.53571428571429,0.132701421800948,"CA3301630","SC",373,118,20.7,30,"Bin A",2.07188200730613,39219,4,39219,"3","1"
"369",4,"3*1","SHAVER LAKE HEIGHTS PROP ASSN",4,7.53571428571429,0.132701421800948,"CA1000069","SC",345,200,14.16,14.2,"Bin A",2.30102999566398,72925,4,72925,"3","1"
"370",4,"3*1","LAS DELTAS MUTUAL WATER SYSTEM",4,7.53571428571429,0.132701421800948,"CA1000054","SC",375,107,46.01,32.31,"Bin A",2.02938377768521,40909.49,4,40909.49,"3","1"
"371",4,"3*1","SAN PASQUAL ACADEMY",4,7.53571428571429,0.132701421800948,"CA3700968","SC",350,42,10.5,43.55,"Bin A",1.6232492903979,108476.39,4,108476.39,"3","1"
"372",4,"3*1","GOLDEN SANDS MOBILE HOME PARK",4,7.53571428571429,0.132701421800948,"CA1900649","SC",450,152,25.27,40.1,"Bin A",2.18184358794477,40238,4,40238,"3","1"
"373",4,"3*1","DEL ORO WATER CO.-STIRLING BLUFFS",4,7.53571428571429,0.132701421800948,"CA0410018","SC",508,154,23.47,39.2,"Bin A",2.18752072083646,39444,4,39444,"3","1"
"374",5,"4*1","WHITEHAWK RANCH MWC",5,8.52830188679245,0.117256637168142,"CA3200102","SC",765,197,9.27,32.8,"Bin A",2.29446622616159,74250,4,74250,"4","1"
"375",5,"2*1","BEDEL MUTUAL WATER CO",5,8.52830188679245,0.117256637168142,"CA5400816","SC",155,66,31.73,32.4,"Bin A",1.81954393554187,67377,4,67377,"2","1"
"376",5,"2*1","VOLCANO COMMUNITY SERVICE DIST",5,8.52830188679245,0.117256637168142,"CA0300016","SC",160,72,19.82,24.6,"Bin A",1.85733249643127,60125,4,60125,"2","1"
"377",5,"2*1","ELKHORN ESTATES WATER SYSTEM",5,8.52830188679245,0.117256637168142,"CA3900724","SC",200,70,27.98,35,"Bin A",1.84509804001426,85905,4,85905,"2","1"
"378",5,"2*1","BERRYESSA PINES WATER SYSTEM",5,8.52830188679245,0.117256637168142,"CA2810009","SC",261,78,8.07,33.5,"Bin A",1.89209460269048,67759,4,67759,"2","1"
"379",5,"2*1","COLUSA CO. SERVICE AREA #1-CENTURY RANCH",5,8.52830188679245,0.117256637168142,"CA0600012","SC",246,88,31.22,32.09,"Bin A",1.94448267215017,47824.8,4,47824.8,"2","1"
"380",5,"2*1","PARK HEIGHTS MUTUAL WATER CO",5,8.52830188679245,0.117256637168142,"CA5000017","SC",250,95,45.96,26.61,"Bin A",1.97772360528885,65692.23,4,65692.23,"2","1"
"381",5,"4*1","DAGGETT COMM SVCS DIST",5,8.52830188679245,0.117256637168142,"CA3600086","SC",795,195,34.41,29.1,"Bin A",2.29003461136252,57231.02,4,57231.02,"4","1"
"382",5,"4*1","PONDEROSA BASIN MUTUAL WTR CO",5,8.52830188679245,0.117256637168142,"CA2210002","SC",798,314,13.47,39,"Bin A",2.49692964807321,75588,4,75588,"4","1"
"383",5,"2*1","CACHE CREEK MOBILE HOME PARK",5,8.52830188679245,0.117256637168142,"CA1700581","SC",150,45,19.07,43.9,"Bin A",1.65321251377534,30661,4,30661,"2","1"
"384",5,"2*1","CALIFORNIA ORCHARD WS",5,8.52830188679245,0.117256637168142,"CA2701742","SC",150,50,19.29,23.9,"Bin A",1.69897000433602,65536,4,65536,"2","1"
"385",5,"2*1","PINE MOUNTAIN MUTUAL WATER CO.",5,8.52830188679245,0.117256637168142,"CA2300591","SC",310,124,17.41,39.3,"Bin A",2.09342168516224,47695,4,47695,"2","1"
"386",5,"2*1","PARADISE RD WS #09",5,8.52830188679245,0.117256637168142,"CA2700682","SC",206,17,14.48,29.3,"Bin A",1.23044892137827,90417,4,90417,"2","1"
"387",5,"2*1","NORTHCREST TRAILER CITY",5,8.52830188679245,0.117256637168142,"CA0800552","SC",250,89,13.69,23,"Bin A",1.94939000664491,57019,4,57019,"2","1"
"388",5,"2*1","GLEN EDEN SUN CLUB",5,8.52830188679245,0.117256637168142,"CA3301283","SC",200,114,24.6,43.9,"Bin A",2.05690485133647,115452,4,115452,"2","1"
"389",5,"2*1","SIERRA VILLAGE MUTUAL WATER CO",5,8.52830188679245,0.117256637168142,"CA5500074","SC",272,127,17.81,29.8,"Bin A",2.10380372095596,62355,4,62355,"2","1"
"390",5,"2*1","MANON MANOR MUTUAL WATER COMPANY",5,8.52830188679245,0.117256637168142,"CA1500535","SC",200,55,17.19,22.5,"Bin A",1.74036268949424,103259,4,103259,"2","1"
"391",5,"2*1","CRYSTAL LAKE PROPERTY OWNERS",5,8.52830188679245,0.117256637168142,"CA3601010","SC",213,61,40.78,32.5,"Bin A",1.78532983501077,54174,4,54174,"2","1"
"392",5,"2*1","BELMONT WATER CORPORATION",5,8.52830188679245,0.117256637168142,"CA1000004","SC",264,40,17.27,23.9,"Bin A",1.60205999132796,87455,4,87455,"2","1"
"393",5,"2*1","LUPIN LODGE",5,8.52830188679245,0.117256637168142,"CA4300716","SC",300,22,5.21,21.5,"Bin A",1.34242268082221,154088,4,154088,"2","1"
"394",5,"4*1","RIVER RANCH MHP",5,8.52830188679245,0.117256637168142,"CA3600155","SC",700,140,34.51,22.4,"Bin A",2.14612803567824,64107,4,64107,"4","1"
"395",5,"2*1","LIVE OAK SPRINGS WATER COMPANY",5,8.52830188679245,0.117256637168142,"CA3700922","SC",300,96,27.75,37.8,"Bin A",1.98227123303957,49231,4,49231,"2","1"
"396",5,"2*1","TALMONT RESORT IMPROVEMENT DISTRICT",5,8.52830188679245,0.117256637168142,"CA3110047","SC",300,341,6.65,40.3,"Bin A",2.5327543789925,79821,4,79821,"2","1"
"397",5,"4*1","SENIOR CANYON MUTUAL WATER CO",5,8.52830188679245,0.117256637168142,"CA5601117","SC",800,224,12.95,34.4,"Bin A",2.35024801833416,73447,4,73447,"4","1"
"398",5,"4*1","ROLLING GREEN UTILITIES, INC.",5,8.52830188679245,0.117256637168142,"CA1400010","SC",800,285,18.13,20.3,"Bin A",2.45484486000851,52454,4,52454,"4","1"
"399",5,"2*1","TAHAMA VILLAGE MOBILE HOME PARK",5,8.52830188679245,0.117256637168142,"CA3900602","SC",200,68,41.42,30.4,"Bin A",1.83250891270624,87344,4,87344,"2","1"
"400",5,"2*1","TASSAJARA SPRINGS WS",5,8.52830188679245,0.117256637168142,"CA2701705","SC",150,70,6.8,36.35,"Bin A",1.84509804001426,94543.83,4,94543.83,"2","1"
"401",5,"2*1","CAMINO MOBILEHOME",5,8.52830188679245,0.117256637168142,"CA0707598","SC",210,75,27.82,32.9,"Bin A",1.8750612633917,69097,4,69097,"2","1"
"402",5,"4*1","POINT ARENA WATER WORKS",5,8.52830188679245,0.117256637168142,"CA2310013","SC",708,226,13.91,31.2,"Bin A",2.3541084391474,53958,4,53958,"4","1"
"403",5,"2*1","TIMBER COVE COUNTY WATER DISTRICT",5,8.52830188679245,0.117256637168142,"CA4900584","SC",271,182,1.28,48.3,"Bin A",2.26007138798507,68889,4,68889,"2","1"
"404",5,"4*1","SHAVER LAKE HEIGHTS MWC",5,8.52830188679245,0.117256637168142,"CA1010053","SC",719,219,14.16,14.2,"Bin A",2.34044411484012,72925,4,72925,"4","1"
"405",5,"4*1","MINERAL COUNTY WATER DISTRICT",5,8.52830188679245,0.117256637168142,"CA5200503","SC",620,187,25.73,31.6,"Bin A",2.2718416065365,46371,4,46371,"4","1"
"406",5,"2*1","OWENS VALLEY WATER COMPANY",5,8.52830188679245,0.117256637168142,"CA1400005","SC",300,111,11.68,19.9,"Bin A",2.04532297878666,55703,4,55703,"2","1"
"407",5,"2*1","BELMONT TERRACE MUTUAL WATER COMPANY",5,8.52830188679245,0.117256637168142,"CA4900558","SC",244,87,16.92,35.5,"Bin A",1.93951925261862,78213,4,78213,"2","1"
"408",5,"2*1","GARDEN FARMS C.W.D.",5,8.52830188679245,0.117256637168142,"CA4000507","SC",240,107,16.06,38.5,"Bin A",2.02938377768521,69831,4,69831,"2","1"
"409",5,"2*1","CREEKSIDE VILLAGE",5,8.52830188679245,0.117256637168142,"CA2900531","SC",300,131,12.49,47.5,"Bin A",2.11727129565576,61680,4,61680,"2","1"
"410",5,"2*1","WOODRIDGE MUTUAL WATER CO",5,8.52830188679245,0.117256637168142,"CA4500235","SC",182,92,15.84,33.6,"Bin A",1.96378782734556,47298,4,47298,"2","1"
"411",5,"2*1","SATICOY COUNTRY CLUB-CITY OF VENTURA",5,8.52830188679245,0.117256637168142,"CA5602140","SC",177,74,15.3,31.2,"Bin A",1.86923171973098,101944,4,101944,"2","1"
"412",5,"2*1","RIVERVIEW MOBILE HOME ESTATES",5,8.52830188679245,0.117256637168142,"CA5000090","SC",250,175,44.18,30.87,"Bin A",2.24303804868629,54222.76,4,54222.76,"2","1"
"413",5,"2*1","LAWNDALE MUTUAL WATER COMPANY",5,8.52830188679245,0.117256637168142,"CA4900588","SC",218,66,6.17,43.62,"Bin A",1.81954393554187,72074.82,4,72074.82,"2","1"
"414",5,"2*1","ORLAND MOBILE H.P.",5,8.52830188679245,0.117256637168142,"CA1100445","SC",178,54,23.61,31.3,"Bin A",1.73239375982297,44549,4,44549,"2","1"
"415",5,"2*1","SALT CREEK SUMMER HOMES",5,8.52830188679245,0.117256637168142,"CA4500018","SC",151,47,13.14,37.1,"Bin A",1.67209785793572,45078,4,45078,"2","1"
"416",5,"2*1","LAKE HENSHAW RESORT INC.",5,8.52830188679245,0.117256637168142,"CA3700900","SC",300,101,13.88,38.8,"Bin A",2.00432137378264,43274,4,43274,"2","1"
"417",5,"2*1","YOUTH WITH A MISSION-SPRINGS OF LIVING W",5,8.52830188679245,0.117256637168142,"CA0400001","SC",150,52,13.45,32,"Bin A",1.7160033436348,84286,4,84286,"2","1"
"418",5,"4*1","TAHOE PARK WATER COMPANY",5,8.52830188679245,0.117256637168142,"CA3110018","SC",750,445,2.06,40.44,"Bin A",2.64836001098093,78726.38,4,78726.38,"4","1"
"419",5,"2*1","CWS - LAKELAND",5,8.52830188679245,0.117256637168142,"CA1510049","SC",271,209,44.56,32.3,"Bin A",2.32014628611105,35022,4,35022,"2","1"
"420",5,"2*1","WESTERN ACRES MUTUAL WATER COMPANY",5,8.52830188679245,0.117256637168142,"CA1503475","SC",310,90,45.85,31.5,"Bin A",1.95424250943932,41225,4,41225,"2","1"
"421",5,"2*1","KING ISLAND TRAILER PARK WATER SYSTEM",5,8.52830188679245,0.117256637168142,"CA3901114","SC",200,76,33.21,39.2,"Bin A",1.88081359228079,44938,4,44938,"2","1"
"422",5,"2*1","TID/ LA GRANGE WATER SYSTEM",5,8.52830188679245,0.117256637168142,"CA5000010","SC",195,59,32.16,28.9,"Bin A",1.77085201164214,59063,4,59063,"2","1"
"423",5,"2*1","RANCHO CARRILLO MWC",5,8.52830188679245,0.117256637168142,"CA3301535","SC",210,74,26.16,37.9,"Bin A",1.86923171973098,70545,4,70545,"2","1"
"424",5,"2*1","STARLITE COMMUNITY SERVICE DISTRICT",5,8.52830188679245,0.117256637168142,"CA1400002","SC",175,65,19.67,28.5,"Bin A",1.81291335664286,77721,4,77721,"2","1"
"425",5,"2*1","MEL MAR MUTUAL WATER CO",5,8.52830188679245,0.117256637168142,"CA4500003","SC",300,91,6.47,35.7,"Bin A",1.95904139232109,75179,4,75179,"2","1"
"426",5,"2*1","MT. PLEASANT WATER USERS ASSOCIATION",5,8.52830188679245,0.117256637168142,"CA4300563","SC",300,90,7.52,36.9,"Bin A",1.95424250943932,112500,4,112500,"2","1"
"427",6,"5*1","CAMP MEEKER WATER SYSTEM",6,8,0.125,"CA4910029","SC",1168,354,9.16,39.87,"Bin A",2.54900326202579,70196.55,4,70196.55,"5","1"
"428",6,"5*1","DEL ORO RIVER ISLAND SERV TERR #1",6,8,0.125,"CA5400665","SC",1287,390,42.91,46.34,"Bin A",2.5910646070265,36614.22,4,36614.22,"5","1"
"429",6,"5*1","NAF EL CENTRO",6,8,0.125,"CA1310700","SC",1022,386,48.09,40.6,"Bin A",2.58658730467176,34875,4,34875,"5","1"
"430",6,"5*1","FALLSVALE SERVICE COMPANY",6,8,0.125,"CA3610021","SC",995,492,23.93,32.9,"Bin A",2.69196510276736,55060,4,55060,"5","1"
"431",6,"5*1","SLO CSA NO. 16 - SHANDON",6,8,0.125,"CA4010028","SC",1295,340,18.45,35.9,"Bin A",2.53147891704225,82475,4,82475,"5","1"
"432",6,"5*1","VINEYARD AVE ESTATES MWC",6,8,0.125,"CA5610056","SC",1200,342,27.9,39.7,"Bin A",2.53402610605613,52500,4,52500,"5","1"
"433",6,"5*1","CALIFORNIA WATER SERVICE CO-LEONA VALLEY",6,8,0.125,"CA1910243","SC",1244,426,8.09,29.29,"Bin A",2.62940959910272,113002.6,4,113002.6,"5","1"
"434",6,"5*1","BLUE LAKE, CITY OF",6,8,0.125,"CA1210002","SC",1252,699,13.81,32.85,"Bin A",2.84447717574568,51061.02,4,51061.02,"5","1"
