DOMAINVALUE,STRATUM,ID,Y1,Y2,Y3,X1,X2,LABEL,STRATO,WEIGHTS
1,9*2,GSWC-CALIPATRIA,44.35,32669,29.2,9,2,1,1,2.79310344827586
1,10*2,CORRECTIONAL TRAINING FACILITY - SOLEDAD,24.2,63656.6,29.09,10,2,1,1,2.79310344827586
1,9*2,DENAIR COMMUNITY SERVICES DISTRICT,30.45,88750,33,9,2,1,1,2.79310344827586
1,10*2,MILLVIEW COUNTY WATER DISTRICT,22.72,53064.52,33.61,10,2,1,1,2.79310344827586
1,9*2,LA CUMBRE MUTUAL WATER CO,8.64,101572.63,39.41,9,2,1,1,2.79310344827586
1,10*2,NEVADA ID - LAKE OF PINES,7.94,77111.4,31.6,10,2,1,1,2.79310344827586
1,14*4,COASTSIDE COUNTY WATER DISTRICT,12.69,126301.11,30.95,14,4,1,1,2.79310344827586
1,10*2,FOLSOM STATE PRISON,0.08,50407.54,23.69,10,2,1,1,2.79310344827586
1,9*2,SLVWD - FELTON WATER SYSTEM,8.42,90079.14,29.77,9,2,1,1,2.79310344827586
1,10*2,RANCHO MURIETA COMMUNITY SERVI,14.38,105738,29.9,10,2,1,1,2.79310344827586
1,10*2,PALM RANCH IRRIGATION DIST.,12.73,89059.87,22.87,10,2,1,1,2.79310344827586
1,9*2,DEL PASO MANOR COUNTY WATER DI,26.19,60415.14,29.79,9,2,1,1,2.79310344827586
1,10*2,LA HABRA HEIGHTS CWD,14.82,115651.9,24.63,10,2,1,1,2.79310344827586
1,10*2,SERRANO WATER DISTRICT,8.08,118655.48,42.79,10,2,1,1,2.79310344827586
1,9*2,GOLDEN STATE WATER CO - WRIGHTWOOD,15.13,75298.96,27.51,9,2,1,1,2.79310344827586
1,9*2,SO. CAL. EDISON CO.-SANTA CATALINA,17.05,69353,27.6,9,2,1,1,2.79310344827586
1,10*2,LOS ANGELES CWWD 37-ACTON,15.32,107878.69,34.99,10,2,1,1,2.79310344827586
1,9*2,RUSSIAN RIVER COUNTY WATER DISTRICT,9.45,69617.12,27.93,9,2,1,1,2.79310344827586
1,10*2,SANTA ANA RIVER WATER COMPANY,36.56,58545.18,39.66,10,2,1,1,2.79310344827586
1,10*2,SANTA CLARITA VALLEY W.A.-CASTAIC DIV.,14.94,109428.21,29.82,10,2,1,1,2.79310344827586
1,10*2,SOLVANG WATER DIVISION,11.28,74643.08,30.92,10,2,1,1,2.79310344827586
1,14*4,ARROYO GRANDE, WATER DEPARTMENT,6.96,78874.04,29.43,14,4,1,1,2.79310344827586
1,10*2,CITY OF GUSTINE,52.13,51968,25.9,10,2,1,1,2.79310344827586
1,9*2,LAS FLORES WATER CO.,12.3,103369.65,28.51,9,2,1,1,2.79310344827586
1,9*2,NORTH PERRIS WATER SYSTEM,25.83,70034,27.3,9,2,1,1,2.79310344827586
1,10*2,SUBURBAN WATER SYSTEMS-GLENDORA,23.96,82202.35,32.84,10,2,1,1,2.79310344827586
1,9*2,CALAM - WEST PLACER,19.3,118065.87,26.32,9,2,1,1,2.79310344827586
1,14*2,USMC - 29 PALMS,10.4,41014,31.7,14,2,1,1,2.79310344827586
1,9*2,CHINA LAKE NAVAL AIR WEAPONS STATION,26.92,32000,34,9,2,1,1,2.79310344827586
1,14*3,AMERICAN CANYON, CITY OF,16.69,94634.36,33.19,14,3,2,2,3.33333333333333
1,14*3,CORCORAN, CITY OF,36.94,39193.46,33.6,14,3,2,2,3.33333333333333
1,14*3,RIVERSIDE HIGHLAND WATER COMPANY,37.81,59866.07,36.11,14,3,2,2,3.33333333333333
1,10*3,CAMBRIA COMM SERVICES DIST,3.23,67349.33,36.08,10,3,2,2,3.33333333333333
1,14*3,CAL/AM WATER COMPANY - BALDWIN HILLS,28.67,93310.19,33.48,14,3,2,2,3.33333333333333
1,14*3,COALINGA-CITY,34.9,59836.72,24.89,14,3,2,2,3.33333333333333
1,11*2,GONZALES, CITY OF,25.75,48942.93,30.03,11,2,3,3,2.55555555555556
1,9*1,COMMERCE-CITY, WATER DEPT.,64.79,47800.17,35.99,9,1,3,3,2.55555555555556
1,11*2,CITY OF CORNING,36.78,40616.78,34.19,11,2,3,3,2.55555555555556
1,11*2,MONTEBELLO-CITY, WATER DEPT.,49.33,53590.75,33.97,11,2,3,3,2.55555555555556
1,15*4,WINDSOR, TOWN OF,17.02,91779.48,30.98,15,4,3,3,2.55555555555556
1,11*2,CITY OF WATERFORD,42.47,56155.77,30.29,11,2,3,3,2.55555555555556
1,15*4,CAL-AM WATER COMPANY - DUARTE,36.94,66613.96,35.57,15,4,3,3,2.55555555555556
1,11*2,SANTA CLARITA VALLEY W.A.-PINETREE DIV.,14.41,112795.97,32.75,11,2,3,3,2.55555555555556
1,11*2,TEMPLETON CSD,9.15,102039.63,29.78,11,2,3,3,2.55555555555556
1,9*1,BASS LAKE WATER COMPANY,13.18,57372.79,30.21,9,1,3,3,2.55555555555556
1,17*4,LOMPOC-CITY WATER UTILITY DIV,22.2,49648.61,32.94,17,4,3,3,2.55555555555556
1,11*2,CALIFORNIA WATER SERVICE CO.-TRAVIS AFB,16.45,74889.91,34.03,11,2,3,3,2.55555555555556
1,11*2,GOLDEN STATE WC - COWAN HEIGHTS,10.73,136954.96,36.96,11,2,3,3,2.55555555555556
1,15*4,LAGUNA BEACH COUNTY WD,7.5,120268.15,31.17,15,4,3,3,2.55555555555556
1,11*2,FLORIN COUNTY WATER DISTRICT,44.26,41779.96,39.66,11,2,3,3,2.55555555555556
1,17*4,PICO RIVERA - CITY, WATER DEPT.,43.54,66684.07,31.23,17,4,3,3,2.55555555555556
1,11*2,SAN GABRIEL VALLEY WATER CO.-MONTEBELLO,39.38,77039.25,29.76,11,2,3,3,2.55555555555556
1,15*4,REEDLEY, CITY OF,47.28,43066.57,39.18,15,4,3,3,2.55555555555556
1,15*4,CWS - SELMA,54.94,43022.58,38.18,15,4,3,3,2.55555555555556
1,17*4,ROHNERT PARK, CITY OF,14.43,67171.23,37.43,17,4,3,3,2.55555555555556
1,17*4,RAINBOW MUNICIPAL WD,14.68,87072.08,36.16,17,4,3,3,2.55555555555556
1,17*4,EL TORO WATER DISTRICT,17.79,85331.51,38.69,17,4,3,3,2.55555555555556
1,15*4,LEMOORE, CITY OF,32.7,58615.79,29.98,15,4,3,3,2.55555555555556
1,15*4,LIBERTY UTILITIES - COMPTON,57.78,58145.82,34.28,15,4,3,3,2.55555555555556
1,11*2,GSWC - HOLLYDALE,50.88,52565.08,36.6,11,2,3,3,2.55555555555556
1,15*4,PATTERSON, CITY OF,43.47,60084.47,32.17,15,4,3,3,2.55555555555556
1,11*2,CHUCKAWALLA VALLEY STATE PRISON,32.49,36810,31,11,2,3,3,2.55555555555556
1,7*2,CLAWA,27.16,60836.99,36.77,7,2,4,4,3.77777777777778
1,11*3,MAMMOTH CWD,13.88,63584,25.8,11,3,4,4,3.77777777777778
1,16*4,FALLBROOK PUD,20.28,61582.13,35,16,4,4,4,3.77777777777778
1,5*2,TAHOE KEYS WATER COMPANY,13.96,65010.83,30.98,5,2,4,4,3.77777777777778
1,11*3,GEORGETOWN DIVIDE PUD,10.83,77960.61,30.1,11,3,4,4,3.77777777777778
1,16*4,SUISUN-SOLANO WATER AUTHORITY,20.31,73325.13,29.96,16,4,4,4,3.77777777777778
1,7*2,RINCON DEL DIABLO MWD (ID-A),16.51,114526.89,30.41,7,2,4,4,3.77777777777778
1,11*3,PISMO BEACH WATER DEPARTMENT,8.08,80814.31,26.91,11,3,4,4,3.77777777777778
1,16*4,CAMROSA WATER DISTRICT,13.43,120758.58,32.16,16,4,4,4,3.77777777777778
1,12*3,SIERRA MADRE-CITY, WATER DEPT.,10.41,96161.29,28.48,12,3,5,5,3.66666666666667
1,12*3,CITY OF NEWMAN-WATER DEPARTMENT,39.32,61599.55,28.3,12,3,5,5,3.66666666666667
1,9*3,NORTH TAHOE PUD - MAIN,10.46,50475.71,42.92,9,3,5,5,3.66666666666667
1,12*3,CCWD - EBBETTS PASS,10.33,59178.92,36.04,12,3,5,5,3.66666666666667
1,12*3,SONOMA, CITY OF,10.77,77140.11,37.17,12,3,5,5,3.66666666666667
1,12*3,MORRO BAY PW DEPT - WATER DIVISION,11.37,69327.81,35.3,12,3,5,5,3.66666666666667
1,12*2,GOLDEN HILLS CSD,17.26,59573.26,27.32,12,2,6,6,2.77777777777778
1,12*2,SIGNAL HILL - CITY, WATER DEPT.,39.08,77711.59,33.68,12,2,6,6,2.77777777777778
1,13*2,CWSC KING CITY,26.12,37394.05,37.75,13,2,6,6,2.77777777777778
1,12*2,MAYWOOD MUTUAL WATER CO. #3,51.93,41762.72,37.45,12,2,6,6,2.77777777777778
1,12*2,OJAI WATER SYSTEM,10.52,75164.72,37.56,12,2,6,6,2.77777777777778
1,12*2,RUBIO CANON LAND & WATER ASSOCIATION,16.23,106691.66,30.85,12,2,6,6,2.77777777777778
1,12*2,SOUTH MESA WC,19.81,61544.1,31.6,12,2,6,6,2.77777777777778
1,12*2,CITY OF ORANGE COVE,47.83,26148.01,43.72,12,2,6,6,2.77777777777778
1,12*2,CALIFORNIA WATER SERVICE CO. - DIXON,23.08,78571.56,29.57,12,2,6,6,2.77777777777778
1,13*3,NORWALK - CITY, WATER DEPT.,46.89,59409.37,35.62,13,3,7,7,2.88888888888889
1,13*3,LOS ANGELES CWWD 40, REG. 38-LAKE LA,18.67,37345.69,28.13,13,3,7,7,2.88888888888889
1,13*3,US ARMY FORT IRWIN,22.49,53333,31.2,13,3,7,7,2.88888888888889
1,16*2,STANFORD UNIVERSITY,8.16,78372.78,36.37,16,2,7,7,2.88888888888889
1,13*3,CITY OF LIVINGSTON,44.54,48434.88,31.06,13,3,7,7,2.88888888888889
1,13*3,CAL AM FRUITRIDGE VISTA,48.93,34329.35,38.13,13,3,7,7,2.88888888888889
1,13*3,CARPINTERIA VALLEY WATER DISTRICT,16.82,80371.71,34.57,13,3,7,7,2.88888888888889
1,13*3,WESTBOROUGH COUNTY WATER DIST,16.58,123878.65,28.1,13,3,7,7,2.88888888888889
1,13*3,CALIFORNIA MENS COLONY,9.84,128000,25.8,13,3,7,7,2.88888888888889
1,15*3,PICO WD,43.11,61574.68,33.12,15,3,8,8,3.75
1,17*3,HAWTHORNE-CITY WATER DEPT.,45.86,49406.29,34.46,17,3,8,8,3.75
1,15*3,SAN FERNANDO-CITY, WATER DEPT.,38.98,57426.42,36.75,15,3,8,8,3.75
1,15*3,BRAWLEY, CITY OF,37.74,53313.74,30.28,15,3,8,8,3.75
1,6*1,WESTERN HILLS WATER DISTRICT/DIABLO GRAN,47.11,61959.11,30.03,6,1,9,9,2.33333333333333
1,18*4,CAMP PENDLETON (SOUTH),17.14,84923.64,25.56,18,4,9,9,2.33333333333333
1,6*1,GOLDEN STATE WATER CO - MORONGO DEL SUR,23.37,50974,33,6,1,9,9,2.33333333333333
1,8*2,MISSION HILLS CSD,15.55,85818.94,33.8,8,2,10,10,3
1,8*2,ANGELS, CITY OF,16.41,52739.47,41.83,8,2,10,10,3
1,8*2,SAN ANTONIO WATER COMPANY,11.99,88811.87,22.05,8,2,10,10,3
1,3*2,GREEN VALLEY MWC,13.03,58375,26.6,3,2,10,10,3
1,8*2,SANTA CLARITA VALLEY W.A.-TESORO DIV.,11.83,125828.9,29.26,8,2,10,10,3
1,8*2,FOLSOM, CITY OF - ASHLAND,8.86,92731.6,23.58,8,2,10,10,3
1,8*2,SALINAS VALLEY STATE PRISON,23.89,66563,28.9,8,2,10,10,3
2,10*2,MADERA VALLEY WATER COMPANY,42.16,64528,31.5,10,2,1,1,1.71428571428571
2,10*2,SWEETWATER SPRINGS CWD - GUERNEVILLE,10.82,60754.08,39.8,10,2,1,1,1.71428571428571
2,10*2,WILLITS, CITY OF,22.44,36916.99,35.6,10,2,1,1,1.71428571428571
2,10*2,SATIVA-L.A. CWD,63.22,35967.04,39.7,10,2,1,1,1.71428571428571
2,10*2,HUGHSON, CITY OF,37.1,67225,29.7,10,2,1,1,1.71428571428571
2,10*2,FORESTHILL PUBLIC UTILITY DIST,11.58,78625,33.8,10,2,1,1,1.71428571428571
2,10*2,CALAVERAS PUD,15.48,42110.94,38.3,10,2,1,1,1.71428571428571
2,11*2,GUADALUPE WATER DEPARTMENT,38.3,45097,38.2,11,2,2,2,2.51851851851852
2,9*2,KEYES COMMUNITY SERVICES DIST.,44.08,51285.77,42.5,9,2,2,2,2.51851851851852
2,11*2,CLEAR CREEK CSD-ANDERSON,15.46,60817,44.92,11,2,2,2,2.51851851851852
2,12*2,THERMALITO WATER & SEWER DIST,23.26,48095.81,30.75,12,2,2,2,2.51851851851852
2,14*3,LAMONT PUBLIC UTILITY DIST,34.52,39997.02,32.62,14,3,2,2,2.51851851851852
2,11*2,FORT BRAGG, CITY OF,21.64,42736.61,31.05,11,2,2,2,2.51851851851852
2,9*2,VALLEY VIEW MUTUAL WATER CO.,44.36,71931.32,33.7,9,2,2,2,2.51851851851852
2,11*2,CAL-WATER SERVICE CO.-WILLOWS,35.12,45242,31.8,11,2,2,2,2.51851851851852
2,9*2,COACHELLA VWD: I.D. NO. 8,9.25,52827.74,36.15,9,2,2,2,2.51851851851852
2,12*3,CITY OF SHASTA LAKE,12.34,50924.25,36.62,12,3,2,2,2.51851851851852
2,13*3,KERMAN, CITY OF,41.98,48428.66,28.72,13,3,2,2,2.51851851851852
2,9*2,LAKEPORT, CITY OF,21.64,45329.16,29.98,9,2,2,2,2.51851851851852
2,16*4,CITY OF ATWATER,38.14,51339.35,29.2,16,4,2,2,2.51851851851852
2,12*3,FORTUNA, CITY OF,24.11,45741.43,35.32,12,3,2,2,2.51851851851852
2,12*3,CITY OF ANDERSON,20.5,40459.42,31.83,12,3,2,2,2.51851851851852
2,9*2,IVANHOE PUBLIC UTILITY DIST,33.97,47211.82,28.65,9,2,2,2,2.51851851851852
2,9*2,MOJAVE PUD,38.23,41806.62,34.67,9,2,2,2,2.51851851851852
2,12*3,CAL-WATER SERVICE CO.-MARYSVILLE,35.67,48271.43,27.1,12,3,2,2,2.51851851851852
2,11*2,FIREBAUGH CITY,45.54,41218.96,32.4,11,2,2,2,2.51851851851852
2,9*2,KONOCTI COUNTY WATER DISTRICT,22.94,28642.23,38.5,9,2,2,2,2.51851851851852
2,11*3,CITY OF SUSANVILLE,15.86,36236.69,29.38,11,3,2,2,2.51851851851852
2,9*2,GOLDEN STATE WATER CO.-CLEARLAKE SYSTEM,21.05,31923.52,32.46,9,2,2,2,2.51851851851852
2,14*3,LINDA COUNTY WATER DISTRICT,34.11,43718.52,31.87,14,3,2,2,2.51851851851852
2,11*3,CRESTLINE VILLAGE CWD - DIVISION 10,29.66,60824.34,33.98,11,3,2,2,2.51851851851852
2,14*3,ARCATA, CITY OF,24.2,37627.25,49.22,14,3,2,2,2.51851851851852
2,13*3,HUNTINGTON PARK-CITY, WATER DEPT.,53.83,41253,38.33,13,3,2,2,2.51851851851852
2,11*2,WOODLAKE, CITY OF,33.26,32784,29.31,11,2,2,2,2.51851851851852
2,18*4,DELANO, CITY OF,43.58,42441.56,32.86,18,4,3,3,3.25
2,13*2,AVENAL, CITY OF,39.63,41097,35,13,2,3,3,3.25
2,14*2,BAKMAN WATER COMPANY,52.05,39946.37,40.44,14,2,3,3,3.25
2,18*4,PARAMOUNT - CITY, WATER DEPT.,56.79,55140.59,34.21,18,4,3,3,3.25
2,7*2,LAKE COUNTY CSA 21 - NORTH LAKEPORT,20.31,45551.49,32.91,7,2,4,4,5
2,7*2,TWAIN HARTE COMMUNITY SERVICES DISTRICT,16.91,64193.13,29.18,7,2,4,4,5
2,8*2,LAKE DON PEDRO CSD,17.27,51435.57,33.31,8,2,4,4,5
2,7*2,SWEETWATER SPRINGS CWD - MONTE RIO,11.18,56552.23,49.04,7,2,4,4,5
2,7*2,CLEARLAKE OAKS COUNTY WATER DISTRICT,16.57,38182.57,33.16,7,2,4,4,5
2,8*2,WEAVERVILLE C.S.D.,11.89,41982.64,35.91,8,2,4,4,5
3,1*1,FCSA #49/ FIVE POINTS,43.94,21732,33.2,1,1,1,1,2.5531914893617
3,1*1,SOUTH CLOVERDALE WATER COMPANY,19.7,65656.06,33.21,1,1,1,1,2.5531914893617
3,3*1,PATTERSON TRACT CSD,51.07,31117,42.2,3,1,1,1,2.5531914893617
3,4*1,PLAINVIEW MUTUAL WATER COMPANY,47.4,40020,37,4,1,1,1,2.5531914893617
3,3*1,LOCH LOMOND MUTUAL WATER CO,11.46,63875,37.8,3,1,1,1,2.5531914893617
3,1*1,NEVADA ID - SMARTSVILLE,33.96,57969,36.6,1,1,1,1,2.5531914893617
3,1*1,GEORGE COX WATER SYSTEM,43.21,66972,27.7,1,1,1,1,2.5531914893617
3,4*1,LEAVITT LAKE CSD,14.51,72870,27.5,4,1,1,1,2.5531914893617
3,3*1,TEVISTON CSD,52.66,28778,38,3,1,1,1,2.5531914893617
3,3*1,DOLPHIN ISLE MARINA,20.97,40470.61,30.01,3,1,1,1,2.5531914893617
3,1*1,COBB AREA CWD - HILL NINE AND TEN,11.61,63666.47,37.61,1,1,1,1,2.5531914893617
3,3*1,SEVILLE WATER COMPANY,36.83,37406.3,34.14,3,1,1,1,2.5531914893617
3,4*1,WOODVILLE FARM LABOR CENTER,44.87,33698,33,4,1,1,1,2.5531914893617
3,4*1,BRIDGEPORT PUD,13.8,54559,22.7,4,1,1,1,2.5531914893617
3,3*1,COUNTY SERVICE AREA 11,19.82,121126,24.3,3,1,1,1,2.5531914893617
3,1*1,ALLEGHANY COUNTY W.D.,19.97,48125,32.2,1,1,1,1,2.5531914893617
3,1*1,DUNE 3 MUTUAL WATER COMPANY, LLC,18.96,69767,36.2,1,1,1,1,2.5531914893617
3,1*1,ORLEANS MUTUAL WATER CO.,15.18,41938,24.7,1,1,1,1,2.5531914893617
3,4*1,SCOTIA CSD,21.77,37697,33.1,4,1,1,1,2.5531914893617
3,3*1,LASSEN PINES MUTUAL WATER CO INC,13.83,51440.43,40.23,3,1,1,1,2.5531914893617
3,1*1,PINON VALLEY WATER COMPANY,28.99,40938,29,1,1,1,1,2.5531914893617
3,4*1,LINNELL FARM LABOR CENTER,43.76,41500,31.1,4,1,1,1,2.5531914893617
3,1*1,CAL ORE MOBILE ESTATES,32.3,51711,33.9,1,1,1,1,2.5531914893617
3,3*1,FCSA #39 A&B,55.16,50457.91,32.7,3,1,1,1,2.5531914893617
3,1*1,LAS PALMAS MOBILE HOME PARK,10.61,30901,45.7,1,1,1,1,2.5531914893617
3,1*1,LLANAS CAMP FOUR WATER SYSTEM,46.91,51568,33.1,1,1,1,1,2.5531914893617
3,1*1,TUD-PEACEFUL PINES WATER SYSTEM,17.81,62355,29.8,1,1,1,1,2.5531914893617
3,1*1,BEVERLY GRAND MUTUAL WATER,37.25,71034,28.3,1,1,1,1,2.5531914893617
3,3*1,RIVER PINES PUD,19.82,60125,24.6,3,1,1,1,2.5531914893617
3,1*1,CAMDEN TRAILER PARK,44.34,52055,33.8,1,1,1,1,2.5531914893617
3,1*1,POND MUTUAL WATER COMPANY,59.32,54004,29.6,1,1,1,1,2.5531914893617
3,3*1,HARBOR VIEW MUTUAL WATER COMPANY,19.54,52585,27.6,3,1,1,1,2.5531914893617
3,1*1,NEW AUBERRY WATER ASSOCIATION,10.47,72500,28.5,1,1,1,1,2.5531914893617
3,4*1,HIGH VALLEYS WATER DISTRICT,34.73,48009.28,29.6,4,1,1,1,2.5531914893617
3,1*1,TENNANT C.S.D.,11.62,40000,30.8,1,1,1,1,2.5531914893617
3,4*1,DEL ORO WATER CO.-JOHNSON PARK,25.72,45486,29,4,1,1,1,2.5531914893617
3,4*1,INYO COUNTY PWD - INDEPENDENCE,18.13,52454,20.3,4,1,1,1,2.5531914893617
3,4*1,GARDEN ACRES MUTUAL WATER CO,35.59,44500,36.6,4,1,1,1,2.5531914893617
3,1*1,HUNTER VALLEY CSD,16.84,36125,38.8,1,1,1,1,2.5531914893617
3,1*1,YOKAYO TRIBE OF INDIANS,18.29,71778.56,34.26,1,1,1,1,2.5531914893617
3,1*1,SHASTA VIEW HEIGHTS OWNERS ASSOCIATION,21.94,38885.75,32.22,1,1,1,1,2.5531914893617
3,1*1,COVE MOBILE VILLA,20.95,60609,32.3,1,1,1,1,2.5531914893617
3,4*1,DORRIS, CITY OF,16.18,34009,31.1,4,1,1,1,2.5531914893617
3,4*1,PINON PINES MWC,28.99,40938,29,4,1,1,1,2.5531914893617
3,1*1,LEMON COVE WATER CO,24.44,59434.5,27.01,1,1,1,1,2.5531914893617
3,3*1,SUTTER CO. WWD#1 (ROBBINS),34.46,50761,22.8,3,1,1,1,2.5531914893617
3,3*1,KRISTA MUTUAL WATER COMPANY,24.36,53162,28.8,3,1,1,1,2.5531914893617
3,10*1,MALAGA COUNTY WATER DISTRICT,79.63,39727.63,32.26,10,1,2,2,1
3,6*1,TERRACE WATER COMPANY,52.84,56778.34,43.5,6,1,3,3,1.9375
3,6*1,RICHGROVE COMMUNITY SERVICES DISTRICT,50.49,30032.97,48.48,6,1,3,3,1.9375
3,6*1,BOX SPRINGS MUTUAL WC,65.47,38689.66,46.46,6,1,3,3,1.9375
3,6*1,LONDON COMMUNITY SERV DIST,52.59,36042,32.5,6,1,3,3,1.9375
3,11*1,HURON, CITY OF,39.91,31666.04,30.94,11,1,3,3,1.9375
3,6*1,WESTWOOD C.S.D.,17.02,53000,35.8,6,1,3,3,1.9375
3,6*1,GARBERVILLE SANITARY DISTRICT,10.08,60351,19.6,6,1,3,3,1.9375
3,6*1,INYO COUNTY PWD - LONE PINE,29.31,40150,30.6,6,1,3,3,1.9375
3,11*1,TRACT 349 MUTUAL WATER CO.,51.66,44578.14,32.73,11,1,3,3,1.9375
3,6*1,REDWAY C.S.D.,10.08,60351,19.6,6,1,3,3,1.9375
3,6*1,COBB AREA COUNTY WATER DISTRICT,11.46,63875,37.8,6,1,3,3,1.9375
3,6*1,SHASTA C.S.D.,16.09,61633.71,30.62,6,1,3,3,1.9375
3,6*1,STRATHMORE PUBLIC UTIL DIST,47.4,40020,37,6,1,3,3,1.9375
3,6*1,LATON COMMUNITY SERVICES DISTRICT,40.42,42142.45,28.18,6,1,3,3,1.9375
3,6*1,MONTAGUE, CITY OF,23.32,48619.33,29.67,6,1,3,3,1.9375
3,6*1,SEELEY CWD,48.09,34875,40.6,6,1,3,3,1.9375
3,5*1,RIVERSIDE CSA #122-MESA VERDE,32.49,36810,31,5,1,4,4,2.375
3,2*1,DOWNIEVILLE PUBLIC U.D.,19.97,48125,32.2,2,1,4,4,2.375
3,2*1,SIERRAVILLE P.U.D.,19.97,48125,32.2,2,1,4,4,2.375
3,2*1,EASTON ESTATES WATER COMPANY,65.35,49730,31.3,2,1,4,4,2.375
3,2*1,FCSA #30/EL PORVENIR,56.67,33821.39,30.14,2,1,4,4,2.375
3,5*1,SHASTA CSA - JONES VALLEY, #6,8.7,66310.33,23.39,5,1,4,4,2.375
3,2*1,COBB AREA CWD - STARVIEW,11.53,63541.99,37.61,2,1,4,4,2.375
3,5*1,LAKE OF THE WOODS MWC,9.99,33991.33,42.58,5,1,4,4,2.375
3,5*1,LEBEC COUNTY WATER DISTRICT,24.53,53278.13,28.74,5,1,4,4,2.375
3,2*1,SIERRA PARK WATER COMPANY, INC.,17.81,62355,29.8,2,1,4,4,2.375
3,2*1,R.R. LEWIS SMALL WC,19.97,48125,32.2,2,1,4,4,2.375
3,2*1,CAL AM - RAYMOND,12.85,54211,28.3,2,1,4,4,2.375
3,2*1,CALIFORNIA PINES C.S.D.,19.68,51244.59,21.09,2,1,4,4,2.375
3,2*1,GRIZZLY LAKE CSD-CROCKER/WELCH,20.01,53958,35.9,2,1,4,4,2.375
3,2*1,SISKIYOU CO. ROLLING HILLS MWC,22.18,33750,32.2,2,1,4,4,2.375
3,5*1,CAL AM - GOLDSIDE,14.56,57818.91,24.87,5,1,4,4,2.375
3,9*2,AMERICAN VALLEY CSD,16.82,48272,28.3,9,2,4,4,2.375
3,5*1,APPLE VALLEY RANCHOS WATER CO - YERMO,31.61,67133,24.2,5,1,4,4,2.375
3,2*1,VOLTA COMMUNITY SD,55.12,53058,22.4,2,1,4,4,2.375
3,5*1,LAKE COUNTY CSA 2 - SPRING VALLEY,17.43,42806.05,33.93,5,1,4,4,2.375
3,2*1,HORNBROOK C.S.D.,18.71,31731,41.3,2,1,4,4,2.375
3,2*1,SHASTA CSA - SUGARLOAF, #2,13.14,45078,37.1,2,1,4,4,2.375
3,2*1,PALMER CREEK CSD,27.55,46250,31.8,2,1,4,4,2.375
3,5*1,CALLAYOMI COUNTY WATER DISTRICT,12.32,59745,35.4,5,1,4,4,2.375
3,7*1,PALO ALTO PARK MUTUAL WATER COMPANY,43.24,69741.52,40.13,7,1,5,5,2.28571428571429
3,7*1,CARUTHERS COMM SERV DIST,47.9,43036,37.4,7,1,5,5,2.28571428571429
3,7*1,BORON CSD,25.76,48011,24,7,1,5,5,2.28571428571429
3,7*1,MOUNTAIN GATE C.S.D.,10.98,42124.91,34.64,7,1,5,5,2.28571428571429
3,7*1,LOCKEFORD COMMUNITY SERV. DIST.,23.08,57872.05,49.7,7,1,5,5,2.28571428571429
3,7*1,CAL-WATER SERVICE CO.-HAMILTON CITY,21.74,46008,25.7,7,1,5,5,2.28571428571429
3,7*1,TIPTON COMMUNITY SERVICES DIST,44.87,33698,33,7,1,5,5,2.28571428571429
4,1*1,RIVER RETREAT MUTUAL,23.06,71823,30.9,1,1,1,1,8.97701149425287
4,1*1,DEL ORO WATER COMPANY - BUZZTAIL DIST.,13.45,84286,32,1,1,1,1,8.97701149425287
4,1*1,MARKLEEVILLE WATER CO.,11.34,64688,15,1,1,1,1,8.97701149425287
4,1*1,LASSEN VNP - HEADQUARTERS,25.73,46371,31.6,1,1,1,1,8.97701149425287
4,1*1,GLEANINGS FOR THE HUNGRY,39.84,53528.28,28.86,1,1,1,1,8.97701149425287
4,1*1,RANDAL'S RANCHETTE MUTUAL WATER COMPANY,6.4,112719,33.8,1,1,1,1,8.97701149425287
4,1*1,PIER 1900 HOMEOWNER S ASSOCIATION,21.68,45323,29.9,1,1,1,1,8.97701149425287
4,1*1,BLUE SKIES TRAILOR PARK,16.38,50732,33.2,1,1,1,1,8.97701149425287
4,1*1,OASIS PROPERTY OWNERS ASSOCIATION,65.67,42518,36.5,1,1,1,1,8.97701149425287
4,1*1,TWIN CYPRESS MOBILE HOME PARK,27.65,90500,21.9,1,1,1,1,8.97701149425287
4,1*1,CRESCENT BAY IMPROVEMENT COMPANY,19.54,52585,27.6,1,1,1,1,8.97701149425287
4,1*1,IMPERIAL LAKES INC.,34.19,50208,18.4,1,1,1,1,8.97701149425287
4,1*1,RAU DAIRY,45.49,42714,33.5,1,1,1,1,8.97701149425287
4,1*1,PAR COUNTRY ESTATES CSA-16,24.43,110326,30.2,1,1,1,1,8.97701149425287
4,1*1,DESERT VIEW TRAILER PARK,36.08,28395,42.9,1,1,1,1,8.97701149425287
4,1*1,EDGEWATER MOBILE HOME PARK,31.02,36420,45.9,1,1,1,1,8.97701149425287
4,1*1,HI DESERT MWC,37.08,51635,32,1,1,1,1,8.97701149425287
4,1*1,TIERRA MEADOWS HOA WS,3.29,119659,26.7,1,1,1,1,8.97701149425287
4,1*1,GOLDEN HILLS MUTUAL WATER CO,7.27,107092,33.8,1,1,1,1,8.97701149425287
4,1*1,COMSTOCK MUTUAL WATER COMPANY,31.88,83707,25.8,1,1,1,1,8.97701149425287
4,1*1,EL RIO MOBILE HOME PARK,59.22,36373,36,1,1,1,1,8.97701149425287
4,1*1,HIDDEN MEADOW MUTUAL WATER CO,6.98,98602.12,38.6,1,1,1,1,8.97701149425287
4,1*1,BURLANDO HEIGHTS MUTUAL WATER CO.,33.01,33171,30,1,1,1,1,8.97701149425287
4,1*1,LIBERTY PARK WATER ASSOCIATION,40.32,48864,43.7,1,1,1,1,8.97701149425287
4,1*1,PLAZA MOBILE HOME PARK,28.07,44167,37.2,1,1,1,1,8.97701149425287
4,1*1,CORDA RD WS,26.19,44758,30.3,1,1,1,1,8.97701149425287
4,1*1,TOWN & COUNTRY WATER COMPANY,15.97,112539,26.8,1,1,1,1,8.97701149425287
4,1*1,SWEET WATER CO-OP,18.96,69767,36.2,1,1,1,1,8.97701149425287
4,1*1,ALLAN LANE WATER ASSOCIATION,10.53,111481,28.1,1,1,1,1,8.97701149425287
4,1*1,BUTTE CITY COMMUNITY S.D.,13.33,58235,17.3,1,1,1,1,8.97701149425287
4,1*1,BRADLEY-LOCKWOOD RD WS,22,55262,26.6,1,1,1,1,8.97701149425287
4,1*1,LIVE OAK ACRES MWC INC.,22.23,41596,44.4,1,1,1,1,8.97701149425287
4,1*1,VACA VILLA APARTMENTS,22.96,77824,31.9,1,1,1,1,8.97701149425287
4,1*1,MAGIC MOUNTAIN MUTUAL WATER COMPANY,6.7,62083,34.2,1,1,1,1,8.97701149425287
4,1*1,BONADELLE RANCHOS MUTUAL WATER,39.04,63244,30.4,1,1,1,1,8.97701149425287
4,1*1,SISKIYOU LAKE HIGHLANDS MWC,12.21,47982,35.8,1,1,1,1,8.97701149425287
4,1*1,MISSION FARM R.V. PARK,27.24,79063,40,1,1,1,1,8.97701149425287
4,1*1,MORNINGSIDE MOBILEHOME PARK,33.16,63036,34.7,1,1,1,1,8.97701149425287
4,1*1,VAN LOON WATER ASSOCIATION,11.68,55703,19.9,1,1,1,1,8.97701149425287
4,1*1,HEATH BRIMHALL P.O.A.,17.19,103259,22.5,1,1,1,1,8.97701149425287
4,1*1,IONE BAND OF MIWOK INDIANS,26.92,66828,29.3,1,1,1,1,8.97701149425287
4,1*1,CHERRY LANE TRAILER PARK,19.91,47500,24.1,1,1,1,1,8.97701149425287
4,1*1,BRIDGEHAVEN PARK,6.7,62083,34.2,1,1,1,1,8.97701149425287
4,1*1,MOUNTAIN VIEW DUPLEXES,42.12,34657,42.7,1,1,1,1,8.97701149425287
4,1*1,LAKE VIEW MUTUAL WATER CO.,9.1,59720,44,1,1,1,1,8.97701149425287
4,1*1,CAMP NELSON WATER COMPANY,22.38,42775,38.4,1,1,1,1,8.97701149425287
4,1*1,BOULEVARD HEIGHTS MUTUAL WATER,17.76,85566,30.9,1,1,1,1,8.97701149425287
4,1*1,CLIO PUBLIC UTILITY DISTRICT,9.27,74250,32.8,1,1,1,1,8.97701149425287
4,1*1,FRCCSD HOT SPRINGS,10.27,42455,29.6,1,1,1,1,8.97701149425287
4,1*1,HAVEN ACRES RIVER CLUB INC,71.3,90164,29.3,1,1,1,1,8.97701149425287
4,1*1,CASCADE RACQUET CLUB MUTUAL WATER,8.25,75938,24.1,1,1,1,1,8.97701149425287
4,1*1,CORTLAND PINES MUTUAL WATER CO,15.18,48656.19,35.77,1,1,1,1,8.97701149425287
4,1*1,WHISPERING PINES MHP,14.89,54514,25,1,1,1,1,8.97701149425287
4,1*1,NORTH LONE PINE MUTUAL WATER COMPANY,29.31,40150,30.6,1,1,1,1,8.97701149425287
4,1*1,CALISTOGA FARM WORKER CENTER,10,105278,28.6,1,1,1,1,8.97701149425287
4,1*1,EMIGRANT GAP MUTUAL WATER CO.,11.77,64554,41,1,1,1,1,8.97701149425287
4,1*1,PIEDRA PARK ASSOCIATION,10.25,102431,21.2,1,1,1,1,8.97701149425287
4,1*1,GOLD RUSH MOBILE HOME PARK,26.96,38750,34.6,1,1,1,1,8.97701149425287
4,1*1,SAN JUAN VISTA,56.63,38202,38.4,1,1,1,1,8.97701149425287
4,1*1,SUNRISE SHORE MUTUAL WATER COMPANY,19.54,52585,27.6,1,1,1,1,8.97701149425287
4,1*1,MCCAIN VALLEY CC #21,27.75,49231,37.8,1,1,1,1,8.97701149425287
4,1*1,MAURLAND MANOR WATER SYSTEM,46.4,95890,28.1,1,1,1,1,8.97701149425287
4,1*1,DEL ORO EAST PLANO DISTRICT,57.84,42532,35.5,1,1,1,1,8.97701149425287
4,1*1,SAN AUGUSTINE MWC,16.26,77197,33.1,1,1,1,1,8.97701149425287
4,1*1,WILSON ROAD WATER COMMUNITY,43.17,61333,31.8,1,1,1,1,8.97701149425287
4,1*1,NPS - DEATH VALLEY, COW CREEK/NEVARES,29.31,40150,30.6,1,1,1,1,8.97701149425287
4,1*1,MIRA MONTE WATER CO.,25,49241,32.1,1,1,1,1,8.97701149425287
4,1*1,MODERN VILLAGE MWC,25.64,38474,40.6,1,1,1,1,8.97701149425287
4,1*1,ROYAL OAK PLACE WS,14.13,82350,31.4,1,1,1,1,8.97701149425287
4,1*1,HART FLAT BEAR MUTUAL WATER,21.51,79279,22.5,1,1,1,1,8.97701149425287
4,1*1,LILI VALLEY WATER CO.,12.27,35517,36.8,1,1,1,1,8.97701149425287
4,1*1,NORTH SHORE ESTATES WS,22,55262,26.6,1,1,1,1,8.97701149425287
4,1*1,HUCKLEBERRY MUTUAL WATER COMPANY,6.7,62083,34.2,1,1,1,1,8.97701149425287
4,1*1,WESTERNER MOBILE HOME PARK,31.4,62319,35.3,1,1,1,1,8.97701149425287
4,1*1,GOLD COUNTRY HOME PARK - WATER SYSTEM,17.09,47609,34.3,1,1,1,1,8.97701149425287
4,1*1,FARRAR PARK PROPERTY OWNERS,30.02,75607,37.3,1,1,1,1,8.97701149425287
4,1*1,CITY OF MODESTO - NORTH TURLOCK,24.41,67227.17,30.1,1,1,1,1,8.97701149425287
4,1*1,BROOKSIDE MHP,26.86,58728,26.1,1,1,1,1,8.97701149425287
4,1*1,BRANSCOMB MUTUAL WATER COMPANY,16.18,39028,36.2,1,1,1,1,8.97701149425287
4,1*1,SUNRISE MOUNTAIN MUTUAL WATER COMPANY,6.71,62060.82,34.26,1,1,1,1,8.97701149425287
4,1*1,SIERRA EAST HOA,13.8,54559,22.7,1,1,1,1,8.97701149425287
4,1*1,LINDA VISTA MUTUAL WATER CO,11.21,92452,25.6,1,1,1,1,8.97701149425287
4,1*1,WESTLEY CSD,47.34,63259,30.2,1,1,1,1,8.97701149425287
4,1*1,NAPLES,14.85,104732,23.3,1,1,1,1,8.97701149425287
4,1*1,NEW HOPE LANDING GENERAL STORE,33.21,44938,39.2,1,1,1,1,8.97701149425287
4,1*1,REESEDALE MUTUAL,22.77,44643,27.3,1,1,1,1,8.97701149425287
4,1*1,BEND MOBILEHOME & RV PARK,24.4,63833,28.4,1,1,1,1,8.97701149425287
4,9*1,SAN JOAQUIN, CITY OF,48.18,35368,30.5,9,1,2,2,9
4,9*1,ATASCADERO STATE HOSPITAL,NA,42986,24,9,1,2,2,9
4,8*1,AMARILLO MUTUAL WATER COMPANY,47.98,60074.35,35.74,8,1,2,2,9
4,6*1,CRESTVIEW MUTUAL WATER CO,21.1,123614.36,24.06,6,1,3,3,8.71428571428571
4,6*1,WARRING WATER SERVICE INC,33.16,52250,30,6,1,3,3,8.71428571428571
4,6*1,NAVAL BASE VENTURA COUNTY, POINT MUGU,38.88,77501.64,32.54,6,1,3,3,8.71428571428571
4,6*1,GOLDEN STATE WATER COMPANY - TANGLEWOOD,21.56,74468,28.3,6,1,3,3,8.71428571428571
4,6*1,LAKE ELIZABETH MUTUAL WATER CO.,7.62,101695.88,29.73,6,1,3,3,8.71428571428571
4,6*1,DEL ORO WATER CO-FERNDALE,16.04,50594,33.5,6,1,3,3,8.71428571428571
4,6*1,LOS ALAMOS COMMUNITY SERVICES DISTRICT,15.18,83668.82,26.88,6,1,3,3,8.71428571428571
4,3*1,GREEN RIVER MUTUAL WATER CO.,18.45,82475,35.9,3,1,4,4,7.53571428571429
4,7*1,TREASURE ISLAND,49.09,59063,29.7,7,1,4,4,7.53571428571429
4,3*1,PARADISE RANCH MHP,23.89,80135,37.1,3,1,4,4,7.53571428571429
4,3*1,WILLOW MOBILE HOME PARK,30.02,75607,37.3,3,1,4,4,7.53571428571429
4,3*1,ALLIANCE REDWOODS CONFERENCE GROUNDS,8.85,72306.44,38.44,3,1,4,4,7.53571428571429
4,3*1,LEISURE PINES MUTUAL WATER CO,17.81,62355,29.8,3,1,4,4,7.53571428571429
4,3*1,MESA DUNES MOBILE HOME ESTATES,14.06,84438,30.5,3,1,4,4,7.53571428571429
4,3*1,ANTELOPE PARK MUTUAL WATER COMPANY,29.47,46155.51,33.94,3,1,4,4,7.53571428571429
4,3*1,FOREST PARK MWC,23.93,55060,32.9,3,1,4,4,7.53571428571429
4,7*1,NPS-ASH MOUNTAIN,23.06,71823,30.9,7,1,4,4,7.53571428571429
4,3*1,DUCOR CSD,43.66,33000,49.9,3,1,4,4,7.53571428571429
4,3*1,LAKE MORENA VIEWS MWC,27.75,49231,37.8,3,1,4,4,7.53571428571429
4,3*1,JUNIPER RIVIERA CWD,23.45,48656.9,35.78,3,1,4,4,7.53571428571429
4,7*1,CEDARPINES PARK MWC,41.27,53424,35.8,7,1,4,4,7.53571428571429
4,3*1,CIRCLE OAKS WATER DISTRICT,12.04,149612,30.9,3,1,4,4,7.53571428571429
4,3*1,TRAILER HAVEN MOBILE HOME PARK,27.27,51295,33.8,3,1,4,4,7.53571428571429
4,3*1,CALIFORNIAN MOBILE HOME PARK,25.27,40238,40.1,3,1,4,4,7.53571428571429
4,3*1,DEFENSE DISTRIB. DEPOT, SHARPE SITE,68.76,89622.91,28.51,3,1,4,4,7.53571428571429
4,3*1,CEDARVILLE COUNTY WATER DIST.,10.11,43824,15.6,3,1,4,4,7.53571428571429
4,3*1,RINCON VALLEY MOBILE ESTATES,5.33,57396,38.8,3,1,4,4,7.53571428571429
4,3*1,WILLOWSIDE MUTUAL WATER COMPANY,25.58,96362,40.8,3,1,4,4,7.53571428571429
4,7*1,PLACER CWA - COLFAX,8.68,62751.98,32.86,7,1,4,4,7.53571428571429
4,3*1,BLYTHE - HIDDEN BEACHES,20.7,39219,30,3,1,4,4,7.53571428571429
4,3*1,SHAVER LAKE HEIGHTS PROP ASSN,14.16,72925,14.2,3,1,4,4,7.53571428571429
4,3*1,LAS DELTAS MUTUAL WATER SYSTEM,46.01,40909.49,32.31,3,1,4,4,7.53571428571429
4,3*1,SAN PASQUAL ACADEMY,10.5,108476.39,43.55,3,1,4,4,7.53571428571429
4,3*1,GOLDEN SANDS MOBILE HOME PARK,25.27,40238,40.1,3,1,4,4,7.53571428571429
4,3*1,DEL ORO WATER CO.-STIRLING BLUFFS,23.47,39444,39.2,3,1,4,4,7.53571428571429
4,4*1,WHITEHAWK RANCH MWC,9.27,74250,32.8,4,1,5,5,8.52830188679245
4,2*1,BEDEL MUTUAL WATER CO,31.73,67377,32.4,2,1,5,5,8.52830188679245
4,2*1,VOLCANO COMMUNITY SERVICE DIST,19.82,60125,24.6,2,1,5,5,8.52830188679245
4,2*1,ELKHORN ESTATES WATER SYSTEM,27.98,85905,35,2,1,5,5,8.52830188679245
4,2*1,BERRYESSA PINES WATER SYSTEM,8.07,67759,33.5,2,1,5,5,8.52830188679245
4,2*1,COLUSA CO. SERVICE AREA #1-CENTURY RANCH,31.22,47824.8,32.09,2,1,5,5,8.52830188679245
4,2*1,PARK HEIGHTS MUTUAL WATER CO,45.96,65692.23,26.61,2,1,5,5,8.52830188679245
4,4*1,DAGGETT COMM SVCS DIST,34.41,57231.02,29.1,4,1,5,5,8.52830188679245
4,4*1,PONDEROSA BASIN MUTUAL WTR CO,13.47,75588,39,4,1,5,5,8.52830188679245
4,2*1,CACHE CREEK MOBILE HOME PARK,19.07,30661,43.9,2,1,5,5,8.52830188679245
4,2*1,CALIFORNIA ORCHARD WS,19.29,65536,23.9,2,1,5,5,8.52830188679245
4,2*1,PINE MOUNTAIN MUTUAL WATER CO.,17.41,47695,39.3,2,1,5,5,8.52830188679245
4,2*1,PARADISE RD WS #09,14.48,90417,29.3,2,1,5,5,8.52830188679245
4,2*1,NORTHCREST TRAILER CITY,13.69,57019,23,2,1,5,5,8.52830188679245
4,2*1,GLEN EDEN SUN CLUB,24.6,115452,43.9,2,1,5,5,8.52830188679245
4,2*1,SIERRA VILLAGE MUTUAL WATER CO,17.81,62355,29.8,2,1,5,5,8.52830188679245
4,2*1,MANON MANOR MUTUAL WATER COMPANY,17.19,103259,22.5,2,1,5,5,8.52830188679245
4,2*1,CRYSTAL LAKE PROPERTY OWNERS,40.78,54174,32.5,2,1,5,5,8.52830188679245
4,2*1,BELMONT WATER CORPORATION,17.27,87455,23.9,2,1,5,5,8.52830188679245
4,2*1,LUPIN LODGE,5.21,154088,21.5,2,1,5,5,8.52830188679245
4,4*1,RIVER RANCH MHP,34.51,64107,22.4,4,1,5,5,8.52830188679245
4,2*1,LIVE OAK SPRINGS WATER COMPANY,27.75,49231,37.8,2,1,5,5,8.52830188679245
4,2*1,TALMONT RESORT IMPROVEMENT DISTRICT,6.65,79821,40.3,2,1,5,5,8.52830188679245
4,4*1,SENIOR CANYON MUTUAL WATER CO,12.95,73447,34.4,4,1,5,5,8.52830188679245
4,4*1,ROLLING GREEN UTILITIES, INC.,18.13,52454,20.3,4,1,5,5,8.52830188679245
4,2*1,TAHAMA VILLAGE MOBILE HOME PARK,41.42,87344,30.4,2,1,5,5,8.52830188679245
4,2*1,TASSAJARA SPRINGS WS,6.8,94543.83,36.35,2,1,5,5,8.52830188679245
4,2*1,CAMINO MOBILEHOME,27.82,69097,32.9,2,1,5,5,8.52830188679245
4,4*1,POINT ARENA WATER WORKS,13.91,53958,31.2,4,1,5,5,8.52830188679245
4,2*1,TIMBER COVE COUNTY WATER DISTRICT,1.28,68889,48.3,2,1,5,5,8.52830188679245
4,4*1,SHAVER LAKE HEIGHTS MWC,14.16,72925,14.2,4,1,5,5,8.52830188679245
4,4*1,MINERAL COUNTY WATER DISTRICT,25.73,46371,31.6,4,1,5,5,8.52830188679245
4,2*1,OWENS VALLEY WATER COMPANY,11.68,55703,19.9,2,1,5,5,8.52830188679245
4,2*1,BELMONT TERRACE MUTUAL WATER COMPANY,16.92,78213,35.5,2,1,5,5,8.52830188679245
4,2*1,GARDEN FARMS C.W.D.,16.06,69831,38.5,2,1,5,5,8.52830188679245
4,2*1,CREEKSIDE VILLAGE,12.49,61680,47.5,2,1,5,5,8.52830188679245
4,2*1,WOODRIDGE MUTUAL WATER CO,15.84,47298,33.6,2,1,5,5,8.52830188679245
4,2*1,SATICOY COUNTRY CLUB-CITY OF VENTURA,15.3,101944,31.2,2,1,5,5,8.52830188679245
4,2*1,RIVERVIEW MOBILE HOME ESTATES,44.18,54222.76,30.87,2,1,5,5,8.52830188679245
4,2*1,LAWNDALE MUTUAL WATER COMPANY,6.17,72074.82,43.62,2,1,5,5,8.52830188679245
4,2*1,ORLAND MOBILE H.P.,23.61,44549,31.3,2,1,5,5,8.52830188679245
4,2*1,SALT CREEK SUMMER HOMES,13.14,45078,37.1,2,1,5,5,8.52830188679245
4,2*1,LAKE HENSHAW RESORT INC.,13.88,43274,38.8,2,1,5,5,8.52830188679245
4,2*1,YOUTH WITH A MISSION-SPRINGS OF LIVING W,13.45,84286,32,2,1,5,5,8.52830188679245
4,4*1,TAHOE PARK WATER COMPANY,2.06,78726.38,40.44,4,1,5,5,8.52830188679245
4,2*1,CWS - LAKELAND,44.56,35022,32.3,2,1,5,5,8.52830188679245
4,2*1,WESTERN ACRES MUTUAL WATER COMPANY,45.85,41225,31.5,2,1,5,5,8.52830188679245
4,2*1,KING ISLAND TRAILER PARK WATER SYSTEM,33.21,44938,39.2,2,1,5,5,8.52830188679245
4,2*1,TID/ LA GRANGE WATER SYSTEM,32.16,59063,28.9,2,1,5,5,8.52830188679245
4,2*1,RANCHO CARRILLO MWC,26.16,70545,37.9,2,1,5,5,8.52830188679245
4,2*1,STARLITE COMMUNITY SERVICE DISTRICT,19.67,77721,28.5,2,1,5,5,8.52830188679245
4,2*1,MEL MAR MUTUAL WATER CO,6.47,75179,35.7,2,1,5,5,8.52830188679245
4,2*1,MT. PLEASANT WATER USERS ASSOCIATION,7.52,112500,36.9,2,1,5,5,8.52830188679245
4,5*1,CAMP MEEKER WATER SYSTEM,9.16,70196.55,39.87,5,1,6,6,8
4,5*1,DEL ORO RIVER ISLAND SERV TERR #1,42.91,36614.22,46.34,5,1,6,6,8
4,5*1,NAF EL CENTRO,48.09,34875,40.6,5,1,6,6,8
4,5*1,FALLSVALE SERVICE COMPANY,23.93,55060,32.9,5,1,6,6,8
4,5*1,SLO CSA NO. 16 - SHANDON,18.45,82475,35.9,5,1,6,6,8
4,5*1,VINEYARD AVE ESTATES MWC,27.9,52500,39.7,5,1,6,6,8
4,5*1,CALIFORNIA WATER SERVICE CO-LEONA VALLEY,8.09,113002.6,29.29,5,1,6,6,8
4,5*1,BLUE LAKE, CITY OF,13.81,51061.02,32.85,5,1,6,6,8
